0,0,0,0,0,32,0,0,0,0,32,36,0,0,0,1,0,0,0,36,2,34,1,0,0,0,37,0,0,0,1,33,0,0,0,36,0,36,0,2,3,36,0,0,0,0,2
32,0,32,0,32,0,0,0,0,36,0,36,36,0,0,1,0,0,0,36,0,32,33,0,36,36,37,0,0,0,1,33,0,0,0,0,36,0,0,36,37,0,0,32,0,0,0
32,0,32,0,33,0,144,128,128,36,0,164,36,16,128,16,145,144,16,36,0,32,32,16,36,36,180,0,0,16,144,32,16,144,16,0,36,0,16,164,36,0,16,176,1,0,0
8,32,1,0,0,53,128,160,173,0,8,128,0,36,152,0,128,129,1,0,0,33,0,0,32,0,165,36,32,1,128,8,32,132,0,0,0,0,0,136,24,0,0,128,1,0,0
32,0,32,0,32,0,0,0,0,36,0,36,36,0,1,0,0,0,0,36,0,32,32,0,36,36,36,0,0,0,0,32,0,0,0,0,36,0,0,36,36,0,0,32,0,1,0
0,37,0,0,0,32,0,36,32,0,0,0,0,32,0,0,0,0,0,0,1,37,0,1,32,1,32,33,36,0,0,0,36,0,1,0,0,0,0,1,0,0,1,0,0,0,0
0,0,0,0,1,0,36,0,0,0,0,0,0,0,0,0,1,36,0,0,0,0,0,36,0,0,4,0,0,36,0,0,0,36,36,0,0,0,0,0,0,0,36,0,1,0,0
0,32,1,0,0,37,0,32,37,0,0,0,0,36,0,0,0,1,1,0,0,33,0,0,32,0,37,36,32,1,0,0,32,4,0,0,0,0,0,0,0,0,0,0,1,0,0
8,32,1,0,0,37,0,32,45,0,8,0,0,36,8,0,0,1,1,0,0,33,0,0,32,0,37,36,32,1,0,8,32,4,0,0,0,0,0,8,8,0,0,0,1,0,0
32,0,32,0,32,0,128,128,128,36,0,165,36,0,128,0,128,128,0,37,0,32,32,0,36,36,165,0,1,0,128,32,1,128,0,1,37,0,1,164,36,0,0,161,0,0,0
32,0,32,0,32,0,16,0,0,36,0,36,36,16,0,17,16,16,16,36,0,32,33,16,36,36,53,0,0,16,17,33,16,16,16,0,36,0,16,36,37,0,16,48,0,0,0
32,0,32,0,32,0,0,0,0,32,0,32,32,0,0,0,0,0,0,32,0,32,32,0,32,32,32,0,0,0,0,32,0,0,0,0,32,0,0,32,32,0,0,32,0,0,0
0,0,0,0,1,0,128,128,128,0,0,128,0,0,128,0,129,128,0,0,0,0,0,0,0,0,128,0,0,0,128,0,0,128,0,0,0,0,0,128,0,0,0,128,1,0,0
0,36,1,0,0,33,128,164,161,0,0,128,0,32,128,0,128,129,1,0,0,37,0,0,32,0,161,32,36,1,128,0,36,128,0,0,0,0,0,128,0,0,0,128,1,0,0
8,32,0,0,0,36,0,32,44,0,8,0,0,36,8,0,0,0,0,0,0,32,0,0,33,0,36,36,32,0,0,8,32,4,0,0,0,0,0,8,8,0,0,0,0,0,0
32,0,32,0,32,0,128,128,128,36,0,164,37,0,128,0,128,128,0,36,0,32,32,0,36,36,164,0,0,0,128,32,0,128,0,0,36,0,0,164,36,0,0,160,0,0,0
32,0,32,0,33,0,0,0,0,32,0,32,32,0,0,0,1,0,0,32,0,32,32,0,32,32,32,0,0,0,0,32,0,0,0,0,32,0,0,32,32,0,0,32,1,0,0
8,0,0,0,0,52,0,0,8,0,40,32,0,0,24,0,0,0,0,32,0,32,0,0,0,0,32,0,0,0,0,40,0,1,0,32,0,32,0,8,24,32,0,0,0,0,0
40,0,36,1,36,16,128,128,136,32,8,160,32,0,152,0,129,128,0,32,2,35,36,0,32,32,160,0,0,0,128,40,0,128,0,0,32,0,0,170,58,1,0,164,1,0,3
0,0,0,0,1,32,0,0,0,0,32,36,0,0,0,0,1,0,0,32,0,36,0,0,0,0,36,0,0,0,0,32,0,0,0,36,0,32,0,0,0,32,0,0,1,0,0
0,0,0,0,0,32,0,0,0,0,36,36,0,0,0,0,0,0,0,32,2,34,0,0,4,0,36,0,0,0,0,36,0,0,0,36,0,32,0,2,6,32,0,0,0,0,2
0,0,0,0,0,0,160,128,128,0,0,128,0,0,128,37,164,128,32,0,32,0,1,32,0,0,129,0,0,0,161,1,0,160,36,0,32,0,36,128,1,0,0,128,32,32,32
0,0,0,1,0,0,32,0,0,0,0,0,0,0,0,32,37,0,36,0,32,1,0,32,0,0,0,0,0,0,32,0,0,32,32,0,36,0,36,0,0,1,0,0,33,32,33
0,0,0,0,0,0,180,128,128,0,0,128,0,16,128,16,144,180,16,0,0,0,0,52,0,0,149,0,0,52,144,0,16,180,52,0,0,0,16,128,0,0,52,144,0,0,0
0,0,0,32,3,0,128,160,130,2,0,128,0,2,160,0,129,128,0,0,0,0,2,0,0,0,128,2,0,0,128,0,0,128,0,0,0,0,0,128,0,0,0,128,1,0,0
32,0,32,0,32,0,128,128,128,36,0,164,36,0,128,1,128,128,0,36,0,32,33,0,36,36,165,0,0,0,129,33,0,128,0,0,36,0,0,164,37,0,0,160,0,0,0
40,0,36,0,37,0,0,0,8,32,8,32,32,0,8,0,1,0,0,32,0,32,36,0,32,32,32,0,0,0,0,40,0,0,0,0,32,0,0,40,40,0,0,36,1,0,0
8,0,0,32,0,16,0,32,8,0,8,0,0,0,56,0,0,0,0,0,0,0,0,0,1,0,0,0,0,0,0,8,0,0,0,0,0,0,0,8,24,0,0,0,0,0,0
32,0,32,1,32,0,0,0,0,32,0,32,32,0,0,0,1,0,0,32,2,35,32,0,32,32,32,0,0,0,0,32,0,0,0,0,32,0,0,34,34,1,0,32,1,0,3
40,0,32,0,32,16,128,128,136,36,8,164,36,0,152,1,128,128,0,36,0,32,33,0,36,36,165,0,0,0,129,41,0,128,0,0,36,0,0,172,61,0,0,160,0,0,0
32,0,33,0,34,1,128,128,131,38,0,164,36,2,128,0,128,129,1,36,0,33,34,0,36,36,165,2,0,1,128,32,0,128,0,0,36,0,0,164,36,0,0,160,1,0,0
0,32,0,0,1,32,128,160,160,0,0,128,0,32,128,0,129,128,0,0,0,32,0,0,32,0,160,32,32,0,128,0,32,128,0,0,0,0,0,128,0,0,0,128,1,0,0
40,0,32,0,32,16,128,128,136,36,8,164,36,0,152,1,128,128,0,36,0,32,33,0,36,36,165,0,0,0,129,41,0,128,0,0,36,0,0,172,61,0,0,160,0,0,0
0,36,0,64,0,32,0,32,32,0,0,0,0,32,1,0,0,0,0,0,0,32,0,0,32,0,32,32,32,0,0,0,36,0,0,0,0,0,0,0,0,0,0,0,0,65,0
0,0,0,0,0,0,36,0,0,0,0,0,0,0,0,0,0,36,0,0,0,0,0,36,0,0,5,0,0,36,0,0,0,36,36,0,0,0,0,0,0,0,36,0,0,0,0
0,1,0,0,0,0,32,0,0,0,0,0,0,0,0,0,0,32,0,0,5,1,0,33,0,1,0,1,0,32,0,0,0,32,33,0,0,0,0,1,0,0,33,0,0,0,0
32,0,36,0,39,0,0,0,2,34,0,32,32,2,0,0,1,0,0,32,0,32,38,0,32,32,32,2,0,0,0,32,0,0,0,0,32,0,0,32,32,0,0,36,1,0,0
32,0,32,0,32,0,0,0,0,36,1,36,36,0,0,0,0,0,1,36,0,32,33,0,36,36,37,0,0,0,0,32,0,0,0,0,36,0,0,36,36,0,0,32,0,0,0
0,33,0,0,0,36,144,160,164,0,0,128,0,52,128,16,144,144,16,0,1,33,0,17,32,1,180,37,32,16,144,0,48,148,17,0,0,0,16,129,0,0,17,144,0,0,0
0,33,0,0,0,36,0,32,36,0,0,0,0,36,0,0,0,0,0,0,1,33,0,1,32,1,36,37,32,0,0,0,32,4,1,0,0,0,0,1,0,0,1,0,0,0,0
8,32,0,0,1,52,128,160,172,0,8,128,0,36,152,0,129,128,0,0,0,32,0,0,32,0,164,36,32,0,128,8,32,132,0,0,0,0,0,136,24,0,0,128,1,0,0
0,0,0,0,0,32,128,128,128,0,36,160,0,0,128,1,128,128,0,32,0,36,1,0,0,0,161,0,0,0,129,37,0,128,0,32,0,32,0,128,1,32,0,128,0,0,0
8,36,1,0,0,49,128,160,169,0,8,128,0,32,152,0,128,129,1,0,0,33,0,0,32,0,161,32,32,1,128,8,36,128,0,0,0,0,0,136,24,0,0,128,1,0,0
0,0,0,0,2,0,164,128,130,2,1,128,0,2,128,0,128,164,1,0,0,0,3,36,0,0,133,2,0,36,128,0,0,164,36,0,0,0,0,128,0,0,36,128,0,0,0
0,0,1,0,0,1,36,0,1,0,0,0,0,0,0,0,0,37,1,0,0,1,0,36,0,0,5,0,0,37,0,0,0,36,36,0,0,0,0,0,0,0,36,0,1,0,0
0,36,0,1,0,32,144,160,160,0,0,128,0,48,128,16,145,144,16,0,0,33,0,16,32,0,176,32,32,16,144,0,52,144,16,0,0,0,16,128,0,1,16,144,1,0,1
0,0,1,0,0,1,32,0,1,0,0,0,0,0,0,32,36,1,33,0,32,1,0,32,0,0,1,0,0,1,32,0,0,32,32,0,32,0,32,0,0,0,0,0,33,32,32
40,0,32,0,35,16,128,128,138,34,8,160,32,2,152,0,129,128,0,32,0,32,34,0,32,32,160,2,0,0,128,40,0,128,0,0,32,0,0,168,56,0,0,160,1,0,0
40,0,32,0,32,0,0,0,8,36,8,36,36,0,8,0,0,0,0,36,0,32,32,0,36,36,36,0,0,0,0,40,0,0,0,0,36,0,0,44,44,0,0,32,0,1,0
0,0,0,0,1,32,0,0,0,0,32,36,0,0,0,0,1,0,0,32,0,32,0,0,0,0,36,0,0,0,0,32,0,0,0,36,0,36,0,0,0,32,0,0,1,0,0
0,37,0,0,0,32,0,36,32,0,0,0,0,32,0,0,0,0,0,0,1,37,0,1,32,1,32,33,36,0,0,0,36,0,1,0,0,0,0,1,0,0,1,0,0,0,0
0,0,0,32,0,0,128,160,128,0,0,128,0,0,160,0,128,128,0,0,0,0,0,0,0,0,128,0,0,0,128,0,0,129,0,0,0,0,0,128,0,0,0,128,0,0,0
40,0,32,0,32,0,0,0,8,36,8,36,36,0,8,0,0,0,0,36,0,32,32,0,36,36,36,0,0,0,0,40,0,0,0,0,36,0,0,44,44,0,0,32,0,0,0
0,32,1,0,0,37,128,160,165,0,0,128,0,36,128,0,128,129,1,0,0,33,0,0,32,0,165,36,32,1,128,0,32,132,0,0,0,0,0,128,0,0,0,128,1,0,0
32,1,32,0,32,0,0,0,0,36,0,36,36,0,0,0,0,0,0,36,3,35,32,1,36,37,36,1,0,0,0,32,0,0,1,0,36,0,0,39,38,0,1,32,0,0,2
0,0,0,0,1,36,0,0,0,0,32,32,0,0,0,0,1,0,0,32,0,32,0,0,0,0,32,0,0,0,0,32,0,0,0,32,0,32,0,0,0,32,0,0,1,0,0
0,0,0,32,1,0,128,160,128,0,0,128,0,0,160,0,129,128,0,0,0,0,0,0,0,0,128,0,0,0,128,0,0,128,0,0,0,0,0,128,0,0,0,128,1,0,0
0,0,0,0,3,32,129,129,131,3,32,164,0,3,128,0,128,128,0,32,0,32,3,0,0,0,164,3,0,0,128,32,0,128,0,36,0,32,0,128,0,32,0,128,0,0,0
32,0,32,0,33,0,0,0,0,32,0,32,32,0,0,0,1,0,0,32,0,32,32,0,32,32,32,0,0,0,0,32,0,0,0,0,32,0,0,32,32,0,0,32,1,0,0
32,0,32,0,32,0,0,0,0,32,1,32,32,0,0,0,0,0,1,32,0,32,33,0,32,32,33,0,0,0,0,32,0,0,0,0,32,0,0,32,32,0,0,32,0,0,0
32,0,32,0,35,0,0,0,2,38,0,36,36,2,0,0,1,0,0,36,0,32,34,0,36,36,36,2,0,0,0,32,0,0,0,0,36,0,0,36,36,0,0,32,1,0,0
0,32,1,0,0,37,128,160,165,0,0,128,0,36,128,0,128,129,1,0,0,33,0,0,32,0,165,36,32,1,128,0,32,132,0,0,0,0,0,128,0,0,0,128,1,0,0
32,0,32,0,32,0,0,0,0,36,0,36,36,0,0,1,0,0,0,36,0,32,33,0,36,36,37,0,0,0,1,33,0,0,0,0,36,0,0,36,37,0,0,32,0,0,0
0,0,0,32,3,0,0,32,2,2,0,0,0,2,32,0,1,0,0,0,0,0,2,0,0,0,0,2,0,0,0,0,0,0,0,0,0,0,0,0,0,0,0,0,1,0,0
32,0,32,0,32,0,144,128,128,36,0,164,36,16,128,17,144,144,16,36,0,32,33,16,36,36,181,0,0,16,145,33,16,144,16,0,36,0,16,164,37,0,16,176,0,0,0
32,0,32,0,32,0,144,128,128,36,0,164,37,16,128,16,144,144,16,36,0,32,32,16,36,36,180,0,0,16,144,32,16,144,16,0,36,0,16,164,36,0,16,176,0,0,0
0,0,0,32,1,0,0,32,0,0,0,0,0,0,36,0,1,0,0,0,0,0,0,0,0,0,0,0,0,0,0,0,0,0,0,0,0,0,0,0,0,0,0,0,1,0,0
32,0,32,0,32,0,0,0,0,32,0,32,32,0,0,0,0,0,0,32,0,32,32,0,32,32,33,0,0,0,0,32,0,0,0,0,32,0,0,32,32,0,0,32,0,0,0
32,0,32,0,32,0,128,128,128,32,0,160,32,0,128,0,128,128,0,32,0,32,32,0,32,32,161,0,0,0,128,32,0,128,0,0,32,0,0,160,32,0,0,160,0,0,0
32,0,32,1,32,0,0,0,0,32,0,32,32,0,0,0,1,0,0,32,0,33,32,0,32,32,32,0,0,0,0,32,0,0,0,0,32,0,0,32,32,1,0,32,1,0,1
0,0,0,0,3,32,1,1,3,3,36,32,0,3,0,0,0,0,0,32,0,36,3,0,0,0,32,3,0,0,0,36,0,0,0,32,0,32,0,0,0,32,0,0,0,0,0
40,0,32,1,32,0,0,0,8,32,8,32,32,0,8,0,1,0,0,32,0,33,32,0,32,32,32,0,0,0,0,40,0,0,0,0,32,0,0,40,40,1,0,32,1,0,1
32,0,36,0,38,0,128,128,130,34,0,160,32,2,128,0,128,128,0,32,0,32,38,0,32,32,161,2,0,0,128,32,0,128,0,0,32,0,0,160,32,0,0,164,0,0,0
40,0,32,0,32,0,0,0,8,36,8,36,36,0,8,1,0,0,0,36,0,32,33,0,36,36,37,0,0,0,1,41,0,0,0,0,36,0,0,44,45,0,0,32,0,0,0
0,0,0,0,1,32,0,0,0,0,32,36,0,0,0,0,1,0,0,32,0,32,0,0,0,0,36,0,0,0,0,32,0,0,0,36,0,32,0,0,0,32,0,0,1,0,0
32,0,32,0,32,0,128,128,128,36,0,164,36,0,128,0,128,128,0,36,0,32,32,0,36,36,165,0,0,0,128,32,0,128,0,0,36,0,0,164,36,0,0,160,0,0,0
36,0,32,0,33,0,0,0,0,32,0,32,32,0,0,0,1,0,0,32,0,32,32,0,32,32,32,0,0,0,0,32,0,0,0,0,32,0,0,32,32,0,0,32,1,0,0
40,0,32,0,33,0,1,1,9,33,8,32,32,1,8,0,0,0,0,32,0,32,33,0,32,32,32,1,0,0,0,40,0,0,0,0,32,0,0,40,40,0,0,32,0,0,0
0,0,0,0,1,36,0,0,0,0,32,32,0,0,0,0,1,0,0,32,0,32,0,0,0,0,32,0,0,0,0,32,0,0,0,32,0,32,0,0,0,32,0,0,1,0,0
0,0,0,32,1,0,0,32,0,0,0,0,0,0,36,0,1,0,0,0,0,0,0,0,0,0,0,0,0,0,0,0,0,0,0,0,0,0,0,0,0,0,0,0,1,0,0
0,32,0,64,0,32,0,32,32,0,0,0,0,32,1,0,0,0,0,0,2,34,0,0,32,0,32,32,32,0,0,0,32,0,0,0,0,0,0,2,2,0,0,0,0,65,2
0,32,0,0,0,32,128,160,160,0,0,128,0,32,128,0,128,128,0,0,0,32,0,0,32,0,160,32,32,0,128,0,32,128,0,0,0,0,0,128,0,0,0,128,0,0,0
0,0,0,32,0,0,144,160,128,0,0,128,1,16,160,16,144,144,16,0,0,0,0,16,0,0,144,0,0,16,144,0,16,144,16,0,0,0,16,128,0,0,16,144,0,0,0
0,1,0,32,0,0,128,160,128,0,0,128,0,0,160,0,128,128,0,0,1,1,0,1,0,1,128,1,0,0,128,0,0,128,1,0,0,0,0,129,0,0,1,128,0,0,0
40,0,32,0,35,0,1,1,11,35,8,32,32,3,8,0,0,0,0,32,0,32,35,0,32,32,32,3,0,0,0,40,0,0,0,0,32,0,0,40,40,0,0,32,0,0,0
0,0,0,1,0,0,160,128,128,0,0,128,0,0,128,32,165,128,36,0,32,1,0,32,0,0,128,0,0,0,160,0,0,160,32,0,36,0,36,128,0,1,0,128,33,32,33
40,0,32,0,33,0,0,0,8,32,8,32,32,0,8,0,1,0,0,32,0,32,32,0,32,32,32,0,0,0,0,40,0,0,0,0,32,0,0,40,40,0,0,32,1,0,0
0,37,0,0,2,32,0,36,34,2,0,0,0,34,0,0,0,0,0,0,1,37,2,1,32,1,32,35,36,0,0,0,36,0,1,0,0,0,0,1,0,0,1,0,0,0,0
0,1,0,36,0,0,0,32,0,0,0,0,0,0,32,0,0,0,0,0,3,3,0,1,0,1,0,1,0,0,0,0,0,0,1,0,0,0,0,3,2,0,1,0,0,0,2
0,0,0,0,1,0,128,128,128,0,0,128,0,0,128,0,129,128,0,0,0,0,0,0,0,0,128,0,0,0,128,0,0,128,0,0,0,0,0,128,0,0,0,128,1,0,0
32,0,33,0,32,1,16,0,1,36,0,36,36,16,0,16,16,17,17,36,0,33,32,16,36,36,53,0,0,17,16,32,16,16,16,0,36,0,16,36,36,0,16,48,1,0,0
0,0,0,0,0,0,176,128,128,0,0,128,0,16,128,48,176,144,48,0,36,0,0,48,0,0,144,0,0,16,176,0,16,176,48,0,32,0,48,128,0,0,16,144,32,32,32
32,1,32,0,32,0,144,128,128,32,0,160,32,16,128,16,144,144,16,32,1,33,32,17,32,33,176,1,0,16,144,32,16,144,17,0,32,0,16,161,32,0,17,176,0,0,0
0,36,0,1,0,32,16,32,32,0,0,0,0,48,0,16,17,16,16,0,0,33,0,16,32,0,48,32,32,16,16,0,52,16,16,0,0,0,16,0,0,1,16,16,1,0,1
0,0,1,0,0,1,164,128,129,0,0,128,0,0,128,0,128,165,1,0,0,1,0,36,0,0,133,0,0,37,128,0,0,164,36,0,0,0,0,128,0,0,36,128,1,0,0
32,0,32,0,32,0,128,128,128,32,4,160,32,0,128,0,128,128,0,32,0,32,32,0,36,32,160,0,0,0,128,36,0,128,0,0,32,0,0,164,36,0,0,160,0,0,0
0,0,0,0,0,32,128,128,128,0,32,164,1,0,128,0,128,128,0,32,0,32,0,0,0,0,164,0,0,0,128,32,0,128,0,36,0,32,0,128,0,32,0,128,0,0,0
0,32,0,0,1,36,128,160,164,0,0,128,0,36,128,0,129,128,0,0,0,32,0,0,32,0,164,36,32,0,128,0,32,132,0,0,0,0,0,128,0,0,0,128,1,0,0
32,0,32,0,33,0,144,128,128,32,0,160,32,16,128,16,145,144,16,32,0,32,32,16,32,32,176,0,0,16,144,32,16,144,16,0,32,0,16,160,32,0,16,176,1,0,0
0,32,1,0,0,33,144,160,161,0,0,128,0,48,128,16,144,145,17,0,0,33,0,16,32,0,177,32,32,17,144,0,48,144,16,0,0,0,16,128,0,0,16,144,1,0,0
0,0,0,1,0,0,160,128,128,0,0,128,0,0,128,32,161,128,32,0,36,1,0,32,0,0,128,0,0,0,160,0,0,160,32,0,32,0,32,128,0,1,0,128,33,32,33
32,0,32,0,32,0,144,128,128,36,0,164,36,16,128,17,144,144,16,36,0,32,33,16,36,36,181,0,0,16,145,33,16,144,16,0,36,0,16,164,37,0,16,176,0,0,0
32,1,32,0,32,0,128,128,128,36,0,164,36,0,128,0,128,128,0,36,1,33,32,1,36,37,164,1,0,0,128,32,0,128,1,0,36,0,0,165,36,0,1,160,0,0,0
0,0,0,0,0,0,176,128,128,0,0,128,1,16,128,48,176,144,48,0,36,0,0,48,0,0,144,0,0,16,176,0,16,176,48,0,32,0,48,128,0,0,16,144,32,32,32
40,0,32,0,32,16,0,0,8,32,8,32,32,0,24,1,0,0,0,32,0,32,33,0,32,32,33,0,0,0,1,41,0,0,0,0,32,0,0,40,57,0,0,32,0,0,0
32,0,32,0,35,0,144,128,130,38,0,164,36,18,128,16,145,144,16,36,0,32,34,16,36,36,180,2,0,16,144,32,16,144,16,0,36,0,16,164,36,0,16,176,1,0,0
0,36,0,0,0,32,144,164,160,0,0,129,0,48,128,16,144,144,16,1,0,36,0,16,32,0,177,32,37,16,144,0,53,144,16,1,1,0,17,128,0,0,16,145,0,0,0
0,0,0,64,0,0,32,0,0,0,0,0,0,0,0,33,32,0,32,0,36,0,1,32,0,0,1,0,0,0,33,1,0,32,32,0,32,0,32,0,1,0,0,0,32,96,32
0,0,0,0,0,0,160,128,128,0,0,128,1,0,128,32,160,128,32,0,36,0,0,32,0,0,128,0,0,0,160,0,0,160,32,0,32,0,32,128,0,0,0,128,32,32,32
32,0,32,0,32,0,144,128,128,36,0,164,36,16,128,17,144,144,16,36,0,32,33,16,36,36,181,0,0,16,145,33,16,144,16,0,36,0,16,164,37,0,16,176,0,0,0
32,0,32,0,32,0,0,0,0,32,0,32,32,0,0,0,0,0,0,32,0,32,32,0,32,32,32,0,0,0,0,32,0,1,0,0,32,0,0,32,32,0,0,32,0,0,0
32,1,32,0,32,0,0,0,0,32,0,32,32,0,0,0,0,0,0,32,1,33,32,1,32,33,32,1,0,0,0,32,0,0,1,0,32,0,0,33,32,0,1,32,0,0,0
0,33,0,0,0,36,0,32,36,0,0,0,0,36,0,0,0,0,0,0,1,33,0,1,32,1,36,37,32,0,0,0,32,4,1,0,0,0,0,1,0,0,1,0,0,0,0
0,32,0,0,0,36,128,160,164,0,0,128,0,36,128,0,128,128,0,0,0,32,0,0,33,0,164,36,32,0,128,0,32,132,0,0,0,0,0,128,0,0,0,128,0,0,0
0,32,0,0,0,32,0,32,32,0,0,0,0,32,0,0,0,0,0,0,0,32,0,0,32,0,33,32,32,0,0,0,32,0,0,0,0,0,0,0,0,0,0,0,0,0,0
40,0,36,0,36,0,0,0,8,32,8,32,32,0,8,0,0,0,0,32,0,32,36,0,32,32,33,0,0,0,0,40,0,0,0,0,32,0,0,40,40,0,0,36,0,0,0
32,0,32,0,32,0,0,0,0,32,4,32,32,0,0,0,0,0,0,32,0,32,32,0,37,32,32,0,0,0,0,36,0,0,0,0,32,0,0,36,36,0,0,32,0,0,0
40,0,32,0,32,0,128,128,136,36,8,164,36,0,136,1,128,128,0,36,0,32,33,0,36,36,165,0,0,0,129,41,0,128,0,0,36,0,0,172,45,0,0,160,0,0,0
32,0,32,0,32,0,128,128,128,36,0,164,36,0,128,0,128,128,0,36,0,32,32,0,36,36,165,0,0,0,128,32,0,128,0,0,36,0,0,164,36,0,0,160,0,0,0
0,32,1,0,0,37,0,32,37,0,0,0,0,36,0,0,0,1,1,0,0,33,0,0,32,0,37,36,32,1,0,0,32,4,0,0,0,0,0,0,0,0,0,0,1,0,0
32,0,32,0,35,0,129,129,131,39,0,164,36,3,128,0,128,128,0,36,0,32,35,0,36,36,164,3,0,0,128,32,0,128,0,0,36,0,0,164,36,0,0,160,0,0,0
32,1,32,0,32,0,0,0,0,36,0,36,36,0,0,0,0,0,0,36,1,33,32,1,36,37,36,1,0,0,0,32,0,0,1,0,36,0,0,37,36,0,1,32,0,0,0
0,32,0,0,0,36,0,32,36,0,0,0,1,36,0,0,0,0,0,0,0,32,0,0,32,0,36,36,32,0,0,0,32,4,0,0,0,0,0,0,0,0,0,0,0,0,0
0,0,0,0,0,0,164,128,128,0,0,128,0,0,128,1,128,164,0,0,0,0,1,36,0,0,133,0,0,36,129,1,0,164,36,0,0,0,0,128,1,0,36,128,0,0,0
8,33,0,0,0,36,0,32,44,0,8,0,0,36,8,0,0,0,0,0,1,33,0,1,32,1,36,37,32,0,0,8,32,4,1,0,0,0,0,9,8,0,1,0,0,0,0
32,0,32,0,32,0,128,128,128,36,0,164,36,0,128,1,128,128,0,36,0,32,33,0,36,36,165,0,0,0,129,33,0,128,0,0,36,0,0,164,37,0,0,160,0,0,0
0,0,0,0,0,32,0,0,0,0,36,32,0,0,0,1,0,0,0,32,0,36,1,0,0,0,33,0,0,0,1,37,0,0,0,32,0,32,0,0,1,32,0,0,0,0,0
40,0,32,1,32,0,0,0,8,36,8,36,36,0,8,0,1,0,0,36,2,35,32,0,36,36,36,0,0,0,0,40,0,0,0,0,36,0,0,46,46,1,0,32,1,0,3
0,0,0,0,0,0,160,128,128,0,0,128,0,0,128,32,164,128,36,0,32,0,0,32,0,0,128,0,0,0,160,0,0,160,32,0,36,0,36,128,0,0,0,128,32,32,32
0,0,0,32,0,0,0,32,0,0,0,0,0,0,32,0,0,0,0,0,0,0,0,0,1,0,0,0,0,0,0,0,0,0,0,0,0,0,0,0,0,0,0,0,0,0,0
40,0,32,0,32,16,128,128,136,36,8,165,36,0,152,0,128,128,0,37,0,32,32,0,36,36,165,0,1,0,128,40,1,128,0,1,37,0,1,172,60,0,0,161,0,0,0
32,1,32,0,32,0,144,128,128,36,0,164,36,16,128,16,144,144,16,36,1,33,32,17,36,37,180,1,0,16,144,32,16,144,17,0,36,0,16,165,36,0,17,176,0,0,0
0,0,0,0,0,0,32,0,0,0,0,1,0,0,0,32,36,0,36,1,32,0,0,32,0,0,1,0,1,0,32,0,1,32,32,1,37,0,37,0,0,0,0,1,32,32,32
0,0,0,0,1,32,128,128,128,0,32,160,0,0,128,0,129,128,0,32,2,34,0,0,0,0,160,0,0,0,128,32,0,128,0,36,0,32,0,130,2,32,0,128,1,0,2
0,0,0,0,1,0,165,129,129,1,0,128,0,1,128,0,128,164,0,0,0,0,1,36,0,0,132,1,0,36,128,0,0,164,36,0,0,0,0,128,0,0,36,128,0,0,0
0,0,0,0,0,0,160,128,128,0,0,128,0,0,129,32,160,128,32,0,36,0,0,32,0,0,128,0,0,0,160,0,0,160,32,0,32,0,32,128,0,0,0,128,32,33,32
32,0,33,0,32,1,128,128,129,32,0,160,32,0,128,0,128,129,1,32,0,33,32,0,32,32,161,0,0,1,128,32,0,128,0,0,32,0,0,160,32,0,0,160,1,0,0
40,0,32,0,32,16,0,0,8,32,8,32,32,0,24,0,0,0,0,32,0,32,32,0,33,32,32,0,0,0,0,40,0,0,0,0,32,0,0,40,56,0,0,32,0,0,0
32,0,32,1,32,0,0,0,0,36,0,36,36,0,0,0,1,0,0,36,2,35,32,0,36,36,36,0,0,0,0,32,0,0,0,0,36,0,0,38,38,1,0,32,1,0,3
0,33,0,0,0,36,0,32,36,0,0,0,0,36,0,0,0,0,0,0,1,33,0,1,32,1,36,37,32,0,0,0,32,4,1,0,0,0,0,1,0,0,1,0,0,0,0
8,0,0,1,0,16,164,128,136,0,8,128,0,0,152,32,161,128,32,0,36,1,0,36,0,0,128,0,0,0,164,8,0,164,32,0,32,0,32,136,24,1,0,128,33,32,33
0,32,0,0,1,36,128,160,164,0,0,128,0,36,128,0,129,128,0,0,0,32,0,0,32,0,164,36,32,0,128,0,32,132,0,0,0,0,0,128,0,0,0,128,1,0,0
0,1,0,0,0,0,36,0,0,0,0,0,0,0,0,0,0,36,0,0,1,1,0,37,0,1,4,1,0,36,0,0,0,36,37,0,0,0,0,1,0,0,37,0,0,0,0
0,1,0,0,0,0,128,128,128,0,0,128,0,0,128,0,128,128,0,0,1,1,0,1,0,1,128,1,0,0,128,0,0,128,1,0,0,0,0,129,0,0,1,128,0,0,0
0,36,1,0,0,33,0,32,33,0,0,0,0,32,0,0,0,1,1,0,0,33,0,0,32,0,33,32,32,1,0,0,36,0,0,0,0,0,0,0,0,0,0,0,1,0,0
0,0,0,0,0,32,0,0,0,0,32,36,0,0,0,0,0,0,0,32,0,32,0,0,0,0,36,0,0,0,0,32,0,0,0,36,0,32,0,0,0,32,0,0,0,0,0
0,0,0,0,1,32,0,0,0,0,32,36,0,0,0,0,1,0,0,32,0,32,0,0,0,0,36,0,0,0,0,32,0,0,0,36,0,32,0,0,0,32,0,0,1,0,0
32,0,36,0,39,0,1,1,3,35,0,32,32,3,0,0,0,0,0,32,0,32,39,0,32,32,32,3,0,0,0,32,0,0,0,0,32,0,0,32,32,0,0,36,0,0,0
0,32,1,0,0,37,128,160,165,0,0,128,0,36,128,0,128,129,1,0,0,33,0,0,32,0,165,36,32,1,128,0,32,132,0,0,0,0,0,128,0,0,0,128,1,0,0
0,0,0,0,1,0,160,128,128,0,0,128,0,0,128,32,161,128,32,0,36,0,0,32,0,0,128,0,0,0,160,0,0,160,32,0,32,0,32,128,0,0,0,128,33,32,32
0,0,0,0,0,0,32,0,0,0,0,0,0,0,0,33,36,0,36,0,34,2,1,32,0,0,1,0,0,0,33,1,0,32,32,0,36,0,36,2,3,0,0,0,32,32,34
32,0,32,1,32,0,128,128,128,32,0,160,32,0,128,0,129,128,0,32,0,33,32,0,32,32,160,0,0,0,128,32,0,128,0,0,32,0,0,160,32,1,0,160,1,0,1
32,0,32,0,35,0,129,129,131,39,0,164,36,3,128,0,128,128,0,36,0,32,35,0,36,36,164,3,0,0,128,32,0,128,0,0,36,0,0,164,36,0,0,160,0,0,0
32,0,32,0,32,0,144,128,128,36,0,164,36,16,128,17,144,144,16,36,0,32,33,16,36,36,181,0,0,16,145,33,16,144,16,0,36,0,16,164,37,0,16,176,0,0,0
32,0,33,0,32,1,144,128,129,36,0,164,36,16,128,16,144,145,17,36,0,33,32,16,36,36,181,0,0,17,144,32,16,144,16,0,36,0,16,164,36,0,16,176,1,0,0
32,0,36,0,37,0,0,0,0,32,0,32,32,0,0,0,1,0,0,32,0,32,36,0,32,32,32,0,0,0,0,32,0,0,0,0,32,0,0,32,32,0,0,36,1,0,0
32,0,32,0,32,0,144,128,128,36,0,164,37,16,128,16,144,144,16,36,0,32,32,16,36,36,180,0,0,16,144,32,16,144,16,0,36,0,16,164,36,0,16,176,0,0,0
32,1,32,0,32,0,0,0,0,32,0,32,32,0,0,0,0,0,0,32,1,33,32,1,32,33,32,1,0,0,0,32,0,0,1,0,32,0,0,33,32,0,1,32,0,0,0
32,0,32,0,32,0,0,0,0,36,0,36,36,0,0,1,0,0,0,36,0,32,33,0,36,36,37,0,0,0,1,33,0,0,0,0,36,0,0,36,37,0,0,32,0,0,0
0,0,0,0,1,32,128,128,128,0,32,164,0,0,128,0,129,128,0,32,0,32,0,0,0,0,164,0,0,0,128,32,0,128,0,36,0,32,0,128,0,32,0,128,1,0,0
0,1,0,0,0,0,160,128,128,0,0,128,0,0,128,32,164,128,36,0,33,1,0,33,0,1,128,1,0,0,160,0,0,160,33,0,36,0,36,129,0,0,1,128,32,32,32
32,0,32,64,32,0,0,0,0,32,0,32,32,0,1,0,0,0,0,32,0,32,32,0,32,32,32,0,0,0,0,32,0,0,0,0,32,0,0,32,32,0,0,32,0,65,0
40,0,32,0,32,16,0,0,8,32,8,32,32,0,25,0,0,0,0,32,0,32,32,0,32,32,32,0,0,0,0,40,0,0,0,0,32,0,0,40,56,0,0,32,0,1,0
0,0,0,32,1,0,0,36,0,0,0,0,0,0,32,0,1,0,0,0,0,0,0,0,0,0,0,0,0,0,0,0,0,0,0,0,0,0,0,0,0,0,0,0,1,0,0
44,0,32,0,33,16,0,0,8,32,8,32,32,0,24,0,1,0,0,32,0,32,32,0,32,32,32,0,0,0,0,40,0,0,0,0,32,0,0,40,56,0,0,32,1,0,0
32,0,32,0,32,0,128,128,128,36,0,164,36,0,128,1,128,128,0,36,2,34,33,0,36,36,165,0,0,0,129,33,0,128,0,0,36,0,0,166,39,0,0,160,0,0,2
32,0,32,0,32,0,0,0,0,36,1,36,36,0,0,0,0,0,1,36,0,32,33,0,36,36,37,0,0,0,0,32,0,0,0,0,36,0,0,36,36,0,0,32,0,0,0
0,0,0,0,2,36,128,128,130,2,32,160,0,2,128,0,128,128,0,32,0,32,2,0,0,0,161,2,0,0,128,32,0,128,0,32,0,32,0,128,0,32,0,128,0,0,0
0,32,0,0,1,36,128,160,164,0,0,128,0,36,128,0,129,128,0,0,0,32,0,0,32,0,164,36,32,0,128,0,32,132,0,0,0,0,0,128,0,0,0,128,1,0,0
32,0,32,0,32,0,128,128,128,36,0,165,36,0,128,0,128,128,0,37,0,32,32,0,36,36,165,0,1,0,128,32,1,128,0,1,37,0,1,164,36,0,0,161,0,0,0
0,0,1,0,0,33,0,0,1,0,36,32,0,0,0,0,0,1,1,32,0,37,0,0,0,0,33,0,0,1,0,36,0,0,0,32,0,32,0,0,0,32,0,0,1,0,0
0,0,0,0,0,32,128,128,128,0,32,164,1,0,128,0,128,128,0,32,0,32,0,0,0,0,164,0,0,0,128,32,0,128,0,36,0,32,0,128,0,36,0,128,0,0,0
32,0,32,0,32,0,0,0,0,36,1,36,36,0,0,0,0,0,1,36,0,32,33,0,36,36,37,0,0,0,0,32,0,0,0,0,36,0,0,36,36,0,0,32,0,0,0
0,0,0,0,0,0,160,128,128,0,0,128,0,0,128,32,160,128,32,0,32,0,0,32,0,0,128,0,0,0,160,0,0,160,36,0,32,0,32,128,0,0,0,128,32,32,32
0,36,0,0,1,32,0,36,32,0,0,0,0,32,0,0,1,0,0,0,0,36,0,0,32,0,32,32,36,0,0,0,36,0,0,0,0,0,0,0,0,0,0,0,1,0,0
32,1,32,0,32,0,0,0,0,36,0,36,36,0,0,0,0,0,0,36,1,33,32,1,36,37,36,1,0,0,0,32,0,0,1,0,36,0,0,37,36,0,1,32,0,0,0
32,0,32,0,32,0,0,0,0,36,0,36,36,0,0,0,0,0,0,36,0,32,32,0,36,36,36,0,0,0,0,32,0,0,0,0,36,0,0,36,36,0,0,32,0,0,0
32,0,32,0,32,0,144,128,128,36,0,164,36,16,128,16,144,144,16,36,0,32,32,16,37,36,180,0,0,16,144,32,16,144,16,0,36,0,16,164,36,0,16,176,0,0,0
0,0,0,0,0,0,128,128,128,0,0,128,1,0,128,0,132,128,4,0,0,0,0,0,0,0,128,0,0,0,128,0,0,128,0,0,4,0,4,128,0,0,0,128,0,0,0
40,0,32,0,32,0,128,128,136,32,8,160,32,0,136,0,128,128,0,32,0,32,32,0,32,32,160,0,0,0,128,40,0,128,0,0,32,0,0,168,40,0,0,160,0,0,0
32,1,32,0,32,0,0,0,0,36,0,36,36,0,0,0,0,0,0,36,1,33,32,1,36,37,36,1,0,0,0,32,0,0,1,0,36,0,0,37,36,0,1,32,0,0,0
32,0,32,0,32,0,0,0,0,32,0,32,32,0,0,1,0,0,0,32,0,32,33,0,32,32,33,0,0,0,1,33,0,0,0,0,32,0,0,32,33,0,0,32,0,0,0
0,0,0,0,3,32,128,128,130,2,36,160,0,2,128,0,129,128,0,32,0,36,2,0,0,0,160,2,0,0,128,36,0,128,0,32,0,32,0,128,0,32,0,128,1,0,0
8,0,0,32,0,16,0,32,8,0,8,0,0,0,56,0,0,0,0,0,0,0,0,0,0,0,1,0,0,0,0,8,0,0,0,0,0,0,0,8,24,0,0,0,0,0,0
0,0,0,96,0,0,0,32,0,0,0,0,0,0,33,0,0,0,0,0,0,0,0,0,0,0,0,0,0,0,0,0,0,0,0,0,0,0,0,0,0,0,0,0,0,65,0
0,0,0,32,1,0,0,32,0,0,0,0,0,0,32,0,1,0,0,0,0,0,0,0,0,0,0,0,0,0,0,0,0,0,0,0,0,0,0,0,0,0,0,0,1,0,0
0,0,0,0,1,32,128,128,128,0,32,164,0,0,128,0,129,128,0,32,0,32,0,0,0,0,164,0,0,0,128,32,0,128,0,36,0,32,0,128,0,32,0,128,1,0,0
0,32,0,0,1,36,144,160,164,0,0,128,0,52,128,16,145,144,16,0,0,32,0,16,32,0,180,36,32,16,144,0,48,148,16,0,0,0,16,128,0,0,16,144,1,0,0
32,0,32,0,32,0,144,128,128,32,0,160,32,16,128,16,144,144,16,32,0,32,32,16,33,32,176,0,0,16,144,32,16,144,16,0,32,0,16,160,32,0,16,176,0,0,0
0,0,0,0,0,0,32,0,0,0,0,0,0,0,0,32,36,0,32,0,32,0,0,32,0,0,0,0,0,0,32,0,0,32,32,0,32,0,32,0,0,0,0,0,32,32,32
32,0,32,0,33,0,1,1,1,37,0,36,36,1,0,0,0,0,0,36,0,32,33,0,36,36,36,1,0,0,0,32,0,0,0,0,36,0,0,36,36,0,0,32,0,0,0
32,0,32,0,33,0,129,129,129,37,0,164,36,1,128,0,128,128,0,36,0,32,33,0,36,36,164,1,0,0,128,32,0,128,0,0,36,0,0,164,36,0,0,160,0,0,0
32,0,32,0,32,0,0,0,0,36,0,36,36,0,0,0,0,0,0,36,0,32,32,0,36,36,36,0,0,0,0,32,0,0,0,0,36,0,0,36,36,0,0,32,0,0,0
32,0,36,0,37,0,16,0,0,32,0,32,32,16,0,16,17,16,16,32,0,32,36,16,32,32,48,0,0,16,16,32,16,16,16,0,32,0,16,32,32,0,16,52,1,0,0
32,1,32,0,32,0,0,0,0,32,4,32,32,0,0,0,0,0,0,32,1,33,32,1,36,33,32,1,0,0,0,36,0,0,1,0,32,0,0,37,36,0,1,32,0,0,0
32,0,36,0,37,0,128,128,128,32,0,160,32,0,128,0,129,128,0,32,0,32,36,0,32,32,160,0,0,0,128,32,0,128,0,0,32,0,0,160,32,0,0,164,1,0,0
32,0,32,0,32,0,0,0,0,36,0,37,36,0,0,0,0,0,0,37,0,32,32,0,36,36,37,0,1,0,0,32,1,0,0,1,37,0,1,36,36,0,0,33,0,0,0
0,0,1,0,0,1,0,0,1,0,0,0,0,0,0,0,0,1,1,0,0,1,0,0,0,0,1,0,0,1,0,0,0,0,0,0,0,0,0,0,0,0,0,0,1,0,0
0,1,0,32,0,0,0,32,0,0,0,0,0,0,36,0,0,0,0,0,1,1,0,1,0,1,0,1,0,0,0,0,0,0,1,0,0,0,0,1,0,0,1,0,0,0,0
32,0,32,0,32,0,0,0,0,36,0,36,36,0,0,1,0,0,0,36,2,34,33,0,36,36,37,0,0,0,1,33,0,0,0,0,36,0,0,38,39,0,0,32,0,0,2
0,0,0,32,0,0,0,32,0,0,0,0,0,0,32,0,0,0,0,0,0,0,0,0,0,0,0,0,0,0,0,0,0,0,0,0,0,0,0,0,0,0,0,0,0,1,0
32,1,32,0,32,0,128,128,128,32,4,160,32,0,128,0,128,128,0,32,1,33,32,1,36,33,160,1,0,0,128,36,0,128,1,0,32,0,0,165,36,0,1,160,0,0,0
32,1,32,64,32,0,0,0,0,32,0,32,32,0,0,0,0,0,0,32,1,33,32,1,32,33,32,1,0,0,0,32,0,0,1,0,32,0,0,33,32,0,1,32,0,64,0
0,1,0,0,0,0,32,0,0,0,0,0,0,0,0,36,36,0,32,0,33,1,0,33,0,1,0,1,0,0,32,0,0,32,37,0,32,0,36,1,0,0,1,0,32,32,32
0,0,0,0,0,0,32,0,0,0,0,0,0,0,0,37,36,0,32,0,32,0,1,32,0,0,1,0,0,0,33,1,0,32,36,0,32,0,36,0,1,0,0,0,32,32,32
0,0,0,1,0,0,36,0,0,0,0,0,0,0,0,0,1,36,0,0,0,1,0,36,0,0,4,0,0,36,0,0,0,36,36,0,0,0,0,0,0,1,36,0,1,0,1
0,0,0,32,0,0,0,32,0,0,0,0,0,0,32,0,0,0,0,0,0,0,0,0,1,0,0,0,0,0,0,0,0,0,0,0,0,0,0,0,0,0,0,0,0,0,0
32,0,36,0,37,0,0,0,0,32,0,32,32,0,0,0,1,0,0,32,0,32,36,0,32,32,32,0,0,0,0,32,0,0,0,0,32,0,0,32,32,0,0,36,1,0,0
32,1,36,0,36,0,16,0,0,32,0,32,32,16,0,16,16,16,16,32,1,33,36,17,32,33,48,1,0,16,16,32,16,16,17,0,32,0,16,33,32,0,17,52,0,0,0
0,0,0,0,0,0,160,128,128,0,0,128,0,0,128,1,128,160,0,0,0,0,1,32,0,0,129,0,0,32,129,1,0,160,32,0,0,0,0,128,1,0,32,128,0,0,0
32,0,32,0,35,0,1,1,3,39,0,36,36,3,0,0,0,0,0,36,0,32,35,0,36,36,36,3,0,0,0,32,0,0,0,0,36,0,0,36,36,0,0,32,0,0,0
32,0,32,0,34,0,0,0,2,34,0,32,32,2,0,0,0,0,0,32,0,32,34,0,32,32,32,2,0,0,0,32,0,0,0,0,32,0,0,32,32,0,0,32,0,0,0
32,1,32,0,32,0,0,0,0,32,4,32,32,0,0,0,0,0,0,32,1,33,32,1,36,33,32,1,0,0,0,36,0,0,1,0,32,0,0,37,36,0,1,32,0,0,0
0,0,0,0,1,32,0,0,0,0,36,32,0,0,0,0,1,0,0,32,0,36,0,0,0,0,32,0,0,0,0,36,0,0,0,32,0,32,0,0,0,32,0,0,1,0,0
32,0,32,1,32,0,0,0,0,32,0,32,32,0,0,0,1,0,0,32,0,33,32,0,32,32,32,0,0,0,0,32,0,0,0,0,32,0,0,32,32,1,0,32,1,0,1
32,0,32,0,33,0,144,128,128,36,0,164,36,16,128,16,145,144,16,36,0,32,32,16,36,36,180,0,0,16,144,32,16,144,16,0,36,0,16,164,36,0,16,176,1,0,0
8,0,0,32,0,16,0,32,8,0,8,0,0,0,56,0,0,0,0,0,0,0,0,0,0,0,0,0,0,0,0,8,0,0,0,0,0,1,0,8,24,0,0,0,0,0,0
32,0,33,0,32,1,128,128,129,36,0,164,36,0,128,0,128,129,1,36,0,33,32,0,36,36,165,0,0,1,128,32,0,128,0,0,36,0,0,164,36,0,0,160,1,0,0
0,0,0,33,0,0,128,160,128,0,0,128,0,0,160,0,129,128,0,0,0,1,0,0,0,0,128,0,0,0,128,0,0,128,0,0,0,0,0,128,0,1,0,128,1,0,1
0,33,0,0,0,36,0,32,36,0,0,0,0,36,0,0,0,0,0,0,1,33,0,1,32,1,36,37,32,0,0,0,32,4,1,0,0,0,0,1,0,0,1,0,0,0,0
4,0,0,32,0,0,0,32,0,0,0,0,0,0,32,0,0,0,0,0,0,0,0,0,1,0,0,0,0,0,0,0,0,0,0,0,0,0,0,4,0,0,0,0,0,0,0
8,0,0,32,1,0,0,32,8,0,8,0,0,0,40,0,1,0,0,0,0,0,0,0,0,0,0,0,0,0,0,8,0,0,0,0,0,0,0,8,8,0,0,0,1,0,0
32,0,32,0,32,0,0,0,0,32,4,32,32,0,0,0,0,0,0,32,0,32,32,0,36,32,32,0,0,0,0,36,0,0,0,0,32,0,0,36,36,0,0,32,0,0,0
40,0,32,0,32,16,0,0,8,32,8,33,32,0,24,0,0,0,0,33,0,32,32,0,32,32,33,0,1,0,0,40,1,0,0,1,33,0,1,40,56,0,0,33,0,0,0
32,0,32,1,32,0,144,128,128,32,0,160,32,16,128,16,145,144,16,32,0,33,32,16,32,32,176,0,0,16,144,32,16,144,16,0,32,0,16,160,32,1,16,176,1,0,1
0,0,0,0,0,32,0,0,0,0,36,32,0,0,0,0,0,0,0,32,0,36,0,0,0,0,32,0,0,0,0,36,0,0,0,32,0,32,0,0,0,32,0,0,0,0,0
32,1,32,0,32,0,144,128,128,36,0,164,36,16,128,16,144,144,16,36,1,33,32,17,36,37,180,1,0,16,144,32,16,144,17,0,36,0,16,165,36,0,17,176,0,0,0
0,0,0,0,1,0,32,0,0,0,0,0,0,0,0,32,37,0,32,0,32,0,0,32,0,0,0,0,0,0,32,0,0,32,32,0,32,0,32,0,0,0,0,0,33,32,32
32,0,32,0,32,0,144,128,128,36,0,164,36,16,128,17,144,144,16,36,0,32,33,16,36,36,181,0,0,16,145,33,16,144,16,0,36,0,16,164,37,0,16,176,0,0,0
0,0,0,0,0,0,160,128,128,0,0,129,0,0,128,32,160,128,32,1,36,0,0,32,0,0,129,0,1,0,160,0,1,160,32,1,33,0,33,128,0,0,0,129,32,32,32
40,0,32,0,33,0,0,0,8,32,8,32,32,0,8,0,1,0,0,32,0,32,32,0,32,32,32,0,0,0,0,40,0,0,0,0,32,0,0,40,40,0,0,32,1,0,0
0,32,1,0,2,37,0,32,39,2,0,0,0,38,0,0,0,1,1,0,0,33,2,0,32,0,37,38,32,1,0,0,32,4,0,0,0,0,0,0,0,0,0,0,1,0,0
32,0,32,0,33,0,0,0,0,36,0,36,36,0,0,0,1,0,0,36,0,32,32,0,36,36,36,0,0,0,0,32,0,0,0,0,36,0,0,36,36,0,0,32,1,0,0
0,0,0,1,0,0,32,0,0,0,0,0,0,0,0,32,37,0,36,0,32,1,0,32,0,0,0,0,0,0,32,0,0,32,32,0,36,0,36,0,0,1,0,0,33,32,33
0,32,0,1,0,36,16,32,36,0,0,0,0,52,0,16,17,16,16,0,0,33,0,16,32,0,52,36,32,16,16,0,48,20,16,0,0,0,16,0,0,1,16,16,1,0,1
0,0,0,0,0,0,164,128,128,0,0,129,0,0,128,32,160,128,32,1,36,0,0,36,0,0,129,0,1,0,164,0,1,164,32,1,33,0,33,128,0,0,0,129,32,32,32
0,0,0,0,1,0,160,128,128,0,0,128,0,0,128,32,165,128,36,0,32,0,0,32,0,0,128,0,0,0,160,0,0,160,32,0,36,0,36,128,0,0,0,128,33,32,32
0,0,0,1,0,0,160,128,128,0,0,128,0,0,128,36,165,128,32,0,32,1,0,32,0,0,128,0,0,0,160,0,0,160,36,0,32,0,36,128,0,1,0,128,33,32,33
0,0,1,0,0,1,160,128,129,0,0,128,0,0,128,32,160,129,33,0,36,1,0,32,0,0,129,0,0,1,160,0,0,160,32,0,32,0,32,128,0,0,0,128,33,32,32
32,0,32,0,32,0,0,0,0,36,0,36,36,0,0,1,0,0,0,36,0,32,33,0,36,36,37,0,0,0,1,33,0,0,0,0,36,0,0,36,37,0,0,32,0,0,0
32,0,32,0,32,0,144,128,128,36,0,164,36,16,128,16,144,144,16,36,0,32,32,16,36,36,180,0,0,16,144,32,16,144,16,0,36,0,16,164,36,0,16,176,0,0,0
0,0,0,0,0,0,32,0,0,0,0,0,0,0,0,37,36,0,32,0,32,0,1,32,0,0,1,0,0,0,33,1,0,32,36,0,32,0,36,0,1,0,0,0,32,32,32
0,0,0,0,0,0,32,0,0,0,0,0,1,0,0,32,32,0,32,0,36,0,0,32,0,0,0,0,0,0,32,0,0,32,32,0,32,0,32,0,0,0,0,0,32,32,32
32,1,32,0,32,0,0,0,0,36,0,36,36,0,0,0,0,0,0,36,1,33,32,1,36,37,36,1,0,0,0,32,0,0,1,0,36,0,0,37,36,0,1,32,0,0,0
0,36,1,0,0,33,128,160,161,0,0,128,0,32,128,0,128,129,1,0,0,33,0,0,32,0,161,32,32,1,128,0,36,128,0,0,0,0,0,128,0,0,0,128,1,0,0
0,0,0,32,0,0,144,160,128,0,0,128,0,16,160,16,144,144,16,0,0,0,0,16,0,0,144,0,0,16,144,0,16,144,16,0,0,0,16,128,0,0,16,144,0,0,0
32,0,32,0,32,0,0,0,0,32,4,32,32,0,0,0,0,0,0,32,0,32,32,0,37,32,32,0,0,0,0,36,0,0,0,0,32,0,0,36,36,0,0,32,0,0,0
32,0,32,0,33,0,0,0,0,36,0,36,36,0,0,0,1,0,0,36,0,32,32,0,36,36,36,0,0,0,0,32,0,0,0,0,36,0,0,36,36,0,0,32,1,0,0
0,0,0,32,1,0,0,32,0,0,0,0,0,0,32,0,1,0,0,0,0,0,0,0,0,0,0,0,0,0,0,0,0,0,0,0,0,0,0,0,0,0,0,0,1,0,0
0,0,1,0,0,1,36,0,1,0,0,0,0,0,0,0,0,37,1,0,0,1,0,36,0,0,5,0,0,37,0,0,0,36,36,0,0,0,0,0,0,0,36,0,1,0,0
0,0,0,0,0,0,164,128,128,0,0,128,0,0,128,0,128,164,0,0,0,0,0,36,0,0,132,0,0,36,128,0,0,165,36,0,0,0,0,128,0,0,36,128,0,0,0
0,32,0,0,0,36,144,160,164,0,0,128,0,52,128,16,144,144,16,0,0,32,0,16,32,0,180,36,32,16,144,0,48,148,16,0,0,0,16,128,0,0,16,144,0,0,0
0,36,0,0,0,32,0,36,32,0,0,1,0,32,0,0,0,0,0,1,0,36,0,0,32,0,33,32,37,0,0,0,37,0,0,1,1,0,1,0,0,0,0,1,0,0,0
0,0,0,32,0,0,0,32,0,0,0,0,0,0,32,0,0,0,0,0,0,0,0,0,0,0,0,0,0,0,0,0,0,0,0,0,0,0,0,0,0,0,0,0,0,1,0
0,0,1,0,0,1,176,128,129,0,0,128,0,16,128,48,180,145,53,0,32,1,0,48,0,0,145,0,0,17,176,0,16,176,48,0,36,0,52,128,0,0,16,144,33,32,32
0,0,0,36,3,0,1,33,3,3,0,0,0,3,32,0,0,0,0,0,0,0,3,0,0,0,0,3,0,0,0,0,0,0,0,0,0,0,0,0,0,0,0,0,0,0,0
32,0,33,0,32,1,144,128,129,36,0,164,36,16,128,16,144,145,17,36,0,33,32,16,36,36,181,0,0,17,144,32,16,144,16,0,36,0,16,164,36,0,16,176,1,0,0
32,0,33,0,32,1,144,128,129,36,0,164,36,16,128,16,144,145,17,36,0,33,32,16,36,36,181,0,0,17,144,32,16,144,16,0,36,0,16,164,36,0,16,176,1,0,0
0,0,0,0,0,32,128,128,128,0,32,164,0,0,128,0,128,128,0,32,0,32,0,0,0,0,164,0,0,0,128,32,0,128,0,36,0,36,0,128,0,32,0,128,0,0,0
8,32,1,0,0,37,0,32,45,0,8,0,0,36,8,0,0,1,1,0,0,33,0,0,32,0,37,36,32,1,0,8,32,4,0,0,0,0,0,8,8,0,0,0,1,0,0
8,0,0,32,0,16,0,32,8,0,8,0,0,0,56,0,0,0,0,0,0,0,0,0,0,0,0,0,0,0,0,8,0,0,0,0,0,1,0,8,24,0,0,0,0,0,0
0,0,0,0,0,36,0,0,0,0,33,32,0,0,0,0,0,0,1,32,0,32,1,0,0,0,33,0,0,0,0,32,0,0,0,32,0,32,0,0,0,32,0,0,0,0,0
0,0,0,32,0,0,128,160,128,0,0,128,0,0,160,1,128,128,0,0,0,0,1,0,0,0,129,0,0,0,129,1,0,128,0,0,0,0,0,128,1,0,0,128,0,0,0
32,0,32,0,33,0,128,128,128,32,0,160,32,0,128,0,129,128,0,32,0,32,32,0,32,32,160,0,0,0,128,32,0,128,0,0,32,0,0,160,32,0,0,160,1,0,0
0,32,1,0,0,37,16,32,37,0,0,0,0,52,0,16,16,17,17,0,0,33,0,16,32,0,53,36,32,17,16,0,48,20,16,0,0,0,16,0,0,0,16,16,1,0,0
0,32,0,1,0,36,16,32,36,0,0,0,0,52,0,16,17,16,16,0,0,33,0,16,32,0,52,36,32,16,16,0,48,20,16,0,0,0,16,0,0,1,16,16,1,0,1
32,0,32,0,32,0,128,128,128,36,0,164,36,0,128,1,128,128,0,36,0,32,33,0,36,36,165,0,0,0,129,33,0,128,0,0,36,0,0,164,37,0,0,160,0,0,0
32,0,32,0,32,0,144,128,128,36,0,164,36,16,128,17,144,144,16,36,0,32,33,16,36,36,181,0,0,16,145,33,16,144,16,0,36,0,16,164,37,0,16,176,0,0,0
0,0,0,0,0,0,128,128,128,0,0,128,0,0,128,0,128,128,0,0,2,2,0,0,0,0,128,0,0,0,128,0,0,128,0,0,0,0,0,130,2,0,0,128,0,0,2
0,1,0,32,2,0,0,32,2,2,0,0,0,2,32,0,0,0,0,0,1,1,2,1,0,1,0,3,0,0,0,0,0,0,1,0,0,0,0,1,0,0,1,0,0,0,0
0,0,0,32,0,0,0,32,0,0,0,0,0,0,32,0,0,0,0,0,0,0,0,0,1,0,0,0,0,0,0,0,0,0,0,0,0,0,0,0,0,0,0,0,0,0,0
0,0,0,0,0,0,160,128,128,0,0,128,0,0,128,33,164,128,32,0,32,0,1,32,0,0,129,0,0,0,161,1,0,160,32,0,32,0,32,128,1,0,0,128,32,32,32
0,0,0,32,0,0,0,32,0,0,0,0,1,0,32,0,0,0,0,0,2,2,0,0,0,0,0,0,0,0,0,0,0,0,0,0,0,0,0,2,2,0,0,0,0,0,2
0,0,0,1,0,0,128,128,128,0,0,128,0,0,128,0,129,128,0,0,2,3,0,0,0,0,128,0,0,0,128,0,0,128,0,0,0,0,0,130,2,1,0,128,1,0,3
0,0,0,1,0,0,32,0,0,0,0,0,0,0,0,32,37,0,32,0,32,1,0,32,0,0,0,0,0,0,32,0,0,32,32,0,32,0,32,0,0,1,0,0,33,32,33
0,36,1,0,0,33,0,32,33,0,0,0,0,32,0,0,0,1,1,0,0,33,0,0,32,0,33,32,32,1,0,0,36,0,0,0,0,0,0,0,0,0,0,0,1,0,0
32,0,32,0,33,0,0,0,0,36,4,36,36,0,0,0,1,0,0,36,0,36,32,0,36,36,36,0,0,0,0,36,0,0,0,0,36,0,0,36,36,0,0,32,1,0,0
0,36,1,0,0,33,0,32,33,0,0,0,0,32,0,0,0,1,1,0,0,33,0,0,32,0,33,32,32,1,0,0,36,0,0,0,0,0,0,0,0,0,0,0,1,0,0
40,0,32,0,32,0,128,128,136,32,8,160,32,0,137,0,128,128,0,32,0,32,32,0,32,32,160,0,0,0,128,40,0,128,0,0,32,0,0,168,40,0,0,160,0,1,0
0,0,1,0,0,1,36,0,1,0,0,0,0,0,0,0,0,37,1,0,0,1,0,36,0,0,5,0,0,37,0,0,0,36,36,0,0,0,0,0,0,0,36,0,1,0,0
0,0,0,1,0,0,32,0,0,0,0,0,0,0,0,0,1,32,0,0,2,3,0,32,0,0,0,0,0,32,0,0,0,32,32,0,0,0,0,2,2,1,32,0,1,0,3
32,0,32,0,32,0,0,0,0,32,0,32,32,0,0,0,0,0,0,32,2,34,32,0,32,32,32,0,0,0,0,32,0,0,0,0,32,0,0,34,34,0,0,32,0,0,2
0,1,0,32,0,0,144,160,128,0,0,128,0,16,160,16,144,144,16,0,1,1,0,17,0,1,144,1,0,16,144,0,16,144,17,0,0,0,16,129,0,0,17,144,0,0,0
0,32,0,0,3,36,145,161,167,3,0,128,0,55,128,16,144,144,16,0,0,32,3,16,32,0,180,39,32,16,144,0,48,148,16,0,0,0,16,128,0,0,16,144,0,0,0
0,36,0,0,0,32,16,32,32,0,0,0,0,48,0,16,16,16,16,0,0,32,0,16,32,0,48,32,32,16,16,0,52,16,16,0,0,0,16,0,0,0,16,16,0,0,0
32,0,32,0,35,0,16,0,2,34,0,32,32,18,0,16,17,16,16,32,0,32,34,16,32,32,48,2,0,16,16,32,16,16,16,0,32,0,16,32,32,0,16,48,1,0,0
0,32,1,0,0,37,144,160,165,0,0,128,0,52,128,16,144,145,17,0,0,33,0,16,32,0,181,36,32,17,144,0,48,148,16,0,0,0,16,128,0,0,16,144,1,0,0
0,32,0,0,0,36,144,160,164,0,0,128,1,52,128,16,144,144,16,0,0,32,0,16,32,0,180,36,32,16,144,0,48,148,16,0,0,0,16,128,0,0,16,144,0,0,0
0,0,0,0,0,0,32,0,0,0,0,0,0,0,0,32,32,0,32,0,36,0,0,32,1,0,0,0,0,0,32,0,0,32,32,0,32,0,32,0,0,0,0,0,32,32,32
32,0,32,0,32,0,144,128,128,36,0,164,36,16,128,16,144,144,16,36,0,32,32,16,36,36,180,0,0,16,144,32,16,144,16,0,36,0,16,164,36,0,16,176,0,0,0
0,0,0,1,0,0,32,0,0,0,0,0,0,0,0,32,33,0,32,0,36,1,0,32,0,0,0,0,0,0,32,0,0,32,32,0,32,0,32,0,0,1,0,0,33,32,33
0,0,0,0,1,0,160,128,128,0,0,128,0,0,128,32,161,128,32,0,36,0,0,32,0,0,128,0,0,0,160,0,0,160,32,0,32,0,32,128,0,0,0,128,33,32,32
36,0,32,0,33,0,0,0,0,32,0,32,32,0,0,0,1,0,0,32,0,32,32,0,32,32,32,0,0,0,0,32,0,0,0,0,32,0,0,32,32,0,0,32,1,0,0
32,0,32,0,35,0,0,0,2,34,0,32,32,2,0,0,1,0,0,32,0,32,34,0,32,32,32,2,0,0,0,32,0,0,0,0,32,0,0,32,32,0,0,32,1,0,0
0,37,0,0,0,32,0,32,32,0,0,0,0,32,0,0,0,0,0,0,1,33,0,1,32,1,32,33,32,0,0,0,36,0,1,0,0,0,0,1,0,0,1,0,0,0,0
0,0,1,0,0,1,32,0,1,0,0,0,0,0,0,32,32,1,33,0,36,1,0,32,0,0,1,0,0,1,32,0,0,32,32,0,32,0,32,0,0,0,0,0,33,32,32
32,0,32,0,32,0,144,128,128,32,0,160,32,16,129,16,144,144,16,32,0,32,32,16,32,32,176,0,0,16,144,32,16,144,16,0,32,0,16,160,32,0,16,176,0,1,0
32,0,32,0,32,0,144,128,128,32,0,160,32,16,128,16,144,144,16,32,0,32,32,16,32,32,177,0,0,16,144,32,16,144,16,0,32,0,16,160,32,0,16,176,0,0,0
32,0,32,0,32,0,144,128,128,36,0,164,36,16,128,16,144,144,16,36,0,32,32,16,36,36,181,0,0,16,144,32,16,144,16,0,36,0,16,164,36,0,16,176,0,0,0
32,1,32,0,32,0,144,128,128,32,0,160,32,16,128,16,144,144,16,32,1,33,32,17,32,33,176,1,0,16,144,32,16,144,17,0,32,0,16,161,32,0,17,176,0,0,0
32,0,32,0,33,0,128,128,128,36,0,164,36,0,128,0,129,128,0,36,0,32,32,0,36,36,164,0,0,0,128,32,0,128,0,0,36,0,0,164,36,0,0,160,1,0,0
32,0,32,0,32,0,128,128,128,36,0,164,37,0,128,0,128,128,0,36,0,32,32,0,36,36,164,0,0,0,128,32,0,128,0,0,36,0,0,164,36,0,0,160,0,0,0
0,32,0,0,1,36,129,161,165,1,0,128,0,37,128,0,128,128,0,0,0,32,1,0,32,0,164,37,32,0,128,0,32,132,0,0,0,0,0,128,0,0,0,128,0,0,0
32,0,32,1,32,0,144,128,128,36,0,164,36,16,128,16,145,144,16,36,0,33,32,16,36,36,180,0,0,16,144,32,16,144,16,0,36,0,16,164,36,1,16,176,1,0,1
0,0,0,0,0,32,0,0,0,0,32,36,0,0,0,0,0,0,0,32,0,32,0,0,1,0,36,0,0,0,0,32,0,0,0,36,0,32,0,0,0,32,0,0,0,0,0
32,0,32,0,35,0,128,128,130,34,0,160,32,2,128,0,129,128,0,32,0,32,34,0,32,32,160,2,0,0,128,32,0,128,0,0,32,0,0,160,32,0,0,160,1,0,0
32,1,32,0,32,0,144,128,128,36,0,164,36,16,128,16,144,144,16,36,1,33,32,17,36,37,180,1,0,16,144,32,16,144,17,0,36,0,16,165,36,0,17,176,0,0,0
32,0,32,1,32,0,144,128,128,36,0,164,36,16,128,16,145,144,16,36,0,33,32,16,36,36,180,0,0,16,144,32,16,144,16,0,36,0,16,164,36,1,16,176,1,0,1
32,0,32,0,34,0,144,128,130,34,0,160,32,18,128,16,144,144,16,32,0,32,34,16,32,32,176,2,0,16,144,32,16,144,16,0,32,0,16,160,32,0,16,176,0,0,0
32,0,33,0,32,1,0,0,1,36,0,36,36,0,0,0,0,1,1,36,0,33,32,0,36,36,37,0,0,1,0,32,0,0,0,0,36,0,0,36,36,0,0,32,1,0,0
0,36,1,0,0,33,128,160,161,0,0,128,0,32,128,0,128,129,1,0,0,33,0,0,32,0,161,32,32,1,128,0,36,128,0,0,0,0,0,128,0,0,0,128,1,0,0
32,0,32,1,32,0,128,128,128,32,0,160,32,0,128,0,129,128,0,32,0,33,32,0,32,32,160,0,0,0,128,32,0,128,0,0,32,0,0,160,32,1,0,160,1,0,1
32,0,32,0,32,0,144,128,128,36,0,164,37,16,128,16,144,144,16,36,0,32,32,16,36,36,180,0,0,16,144,32,16,144,16,0,36,0,16,164,36,0,16,176,0,0,0
32,0,32,0,33,0,144,128,128,36,0,164,36,16,128,16,145,144,16,36,0,32,32,16,36,36,180,0,0,16,144,32,16,144,16,0,36,0,16,164,36,0,16,176,1,0,0
0,0,0,1,0,0,176,128,128,0,0,128,0,16,128,48,177,144,48,0,36,1,0,48,0,0,144,0,0,16,176,0,16,176,48,0,32,0,48,128,0,1,16,144,33,32,33
0,0,0,0,0,0,160,128,128,0,0,128,1,0,128,32,160,128,32,0,36,0,0,32,0,0,128,0,0,0,160,0,0,160,32,0,32,0,32,128,0,0,0,128,32,32,32
0,32,0,0,0,32,128,160,160,0,0,128,0,32,128,0,128,128,0,0,0,32,0,0,32,0,160,32,32,0,128,0,32,128,0,0,0,0,0,128,0,0,0,128,0,0,0
0,33,0,0,0,36,16,32,36,0,0,0,0,52,0,16,16,16,16,0,1,33,0,17,32,1,52,37,32,16,16,0,48,20,17,0,0,0,16,1,0,0,17,16,0,0,0
32,0,32,0,32,0,144,128,128,36,0,164,36,16,128,16,144,144,16,36,0,32,32,16,36,36,180,0,0,16,144,32,16,144,16,0,36,0,16,164,36,0,16,176,0,0,0
32,0,32,0,32,0,144,128,128,32,0,160,32,16,128,16,144,144,16,32,0,32,32,16,32,32,176,0,0,16,144,32,16,144,16,0,32,0,16,160,32,0,16,176,0,1,0
32,0,32,0,32,0,128,128,128,36,0,164,37,0,128,0,128,128,0,36,0,32,32,0,36,36,164,0,0,0,128,32,0,128,0,0,36,0,0,164,36,0,0,160,0,0,0
32,0,32,0,32,0,0,0,0,36,0,36,36,0,0,0,0,0,0,36,0,32,32,0,36,36,36,0,0,0,0,32,0,0,0,0,36,0,0,36,36,0,0,32,0,0,0
32,0,36,0,36,0,128,128,128,32,0,160,33,0,128,0,128,128,0,32,0,32,36,0,32,32,160,0,0,0,128,32,0,128,0,0,32,0,0,160,32,0,0,164,0,0,0
32,0,32,0,33,0,16,0,0,36,0,36,36,16,0,16,17,16,16,36,0,32,32,16,36,36,52,0,0,16,16,32,16,16,16,0,36,0,16,36,36,0,16,48,1,0,0
0,0,0,1,0,0,160,128,128,0,0,128,0,0,128,36,165,128,32,0,32,1,0,32,0,0,128,0,0,0,160,0,0,160,36,0,32,0,36,128,0,1,0,128,33,32,33
32,0,32,0,33,0,0,0,0,36,0,36,36,0,0,0,1,0,0,36,0,32,32,0,36,36,36,0,0,0,0,32,0,0,0,0,36,0,0,36,36,0,0,32,1,0,0
0,0,1,0,0,1,16,0,1,0,0,0,0,16,0,16,16,17,17,0,0,1,0,16,0,0,17,0,0,17,16,0,16,16,16,0,0,0,16,0,0,0,16,16,37,36,36
32,0,32,0,32,0,0,0,0,32,0,32,32,0,0,0,0,0,0,32,2,34,32,0,32,32,32,0,0,0,0,32,0,1,0,0,32,0,0,34,34,0,0,32,0,0,2
8,0,0,32,0,16,128,160,136,0,8,128,0,0,184,0,128,128,0,0,2,2,0,0,1,0,128,0,0,0,128,8,0,128,0,0,0,0,0,138,26,0,0,128,0,0,2
0,1,0,0,0,0,160,128,128,0,0,128,0,0,128,32,160,128,32,0,33,1,0,33,0,1,128,1,0,0,160,0,0,160,33,0,32,0,32,129,0,0,1,128,32,32,32
0,0,0,0,0,0,160,128,128,0,0,128,0,0,128,37,164,128,32,0,32,0,1,32,0,0,129,0,0,0,161,1,0,160,36,0,32,0,36,128,1,0,0,128,32,32,32
0,0,0,0,0,0,36,0,0,0,0,0,0,0,1,32,32,0,32,0,36,0,0,36,0,0,0,0,0,0,36,0,0,36,32,0,32,0,32,0,0,0,0,0,32,33,32
0,0,0,0,1,0,176,128,128,0,0,128,0,16,128,48,181,144,52,0,32,0,0,48,0,0,144,0,0,16,176,0,16,176,48,0,36,0,52,128,0,0,16,144,33,32,32
32,0,32,0,34,0,0,0,2,38,0,36,36,2,0,1,0,0,0,36,0,32,35,0,36,36,37,2,0,0,1,33,0,0,0,0,36,0,0,36,37,0,0,32,0,0,0
32,0,32,0,32,0,0,0,0,36,0,36,36,0,0,0,0,0,0,36,0,32,32,0,36,36,36,0,0,0,0,32,0,0,0,0,36,0,0,36,36,0,0,32,0,1,0
0,32,1,0,0,33,144,160,161,0,0,128,0,48,128,16,144,145,17,0,0,33,0,16,32,0,177,32,32,17,144,0,48,144,16,0,0,0,16,128,0,0,16,144,1,0,0
32,0,32,0,32,0,144,128,128,36,0,164,36,16,128,17,144,144,16,36,0,32,33,16,36,36,181,0,0,16,145,33,16,144,16,0,36,0,16,164,37,0,16,176,0,0,0
32,0,32,0,32,0,144,128,128,36,0,165,36,16,128,16,144,144,16,37,0,32,32,16,36,36,181,0,1,16,144,32,17,144,16,1,37,0,17,164,36,0,16,177,0,0,0
0,32,0,0,1,36,128,160,164,0,0,128,0,36,128,0,129,128,0,0,0,32,0,0,32,0,164,36,32,0,128,0,32,132,0,0,0,0,0,128,0,0,0,128,1,0,0
0,0,0,0,1,0,160,128,128,0,0,128,0,0,128,32,165,128,36,0,32,0,0,32,0,0,128,0,0,0,160,0,0,160,32,0,36,0,36,128,0,0,0,128,33,32,32
0,32,0,0,1,36,128,160,164,0,0,128,0,36,128,0,129,128,0,0,0,32,0,0,32,0,164,36,32,0,128,0,32,132,0,0,0,0,0,128,0,0,0,128,1,0,0
32,0,32,0,33,0,128,128,128,36,0,164,36,0,128,0,129,128,0,36,0,32,32,0,36,36,164,0,0,0,128,32,0,128,0,0,36,0,0,164,36,0,0,160,1,0,0
32,0,36,0,37,0,16,0,0,32,0,32,32,16,0,16,17,16,16,32,0,32,36,16,32,32,48,0,0,16,16,32,16,16,16,0,32,0,16,32,32,0,16,52,1,0,0
32,0,32,0,32,0,128,128,128,36,0,164,37,0,128,0,128,128,0,36,0,32,32,0,36,36,164,0,0,0,128,32,0,128,0,0,36,0,0,164,36,0,0,160,0,0,0
0,0,0,0,0,0,32,0,0,0,0,1,0,0,0,32,32,0,32,1,36,0,0,32,0,0,1,0,1,0,32,0,1,32,32,1,33,0,33,0,0,0,0,1,32,32,32
0,36,0,0,0,32,144,160,160,0,0,128,0,48,128,16,144,144,16,0,0,32,0,16,32,0,176,32,32,16,144,0,52,145,16,0,0,0,16,128,0,0,16,144,0,0,0
0,0,0,0,1,0,160,128,128,0,0,128,0,0,128,32,165,128,36,0,32,0,0,32,0,0,128,0,0,0,160,0,0,160,32,0,36,0,36,128,0,0,0,128,33,32,32
0,36,0,0,0,32,0,32,32,0,0,0,1,32,0,0,0,0,0,0,0,32,0,0,32,0,32,32,32,0,0,0,36,0,0,0,0,0,0,0,0,0,0,0,0,0,0
32,1,32,0,32,0,144,128,128,36,0,164,36,16,128,16,144,144,16,36,1,33,32,17,36,37,180,1,0,16,144,32,16,144,17,0,36,0,16,165,36,0,17,176,0,0,0
0,0,0,0,1,0,160,128,128,0,0,128,0,0,128,32,165,128,36,0,32,0,0,32,0,0,128,0,0,0,160,0,0,160,32,0,36,0,36,128,0,0,0,128,33,32,32
32,0,36,0,37,0,128,128,128,32,0,160,32,0,128,0,129,128,0,32,2,34,36,0,32,32,160,0,0,0,128,32,0,128,0,0,32,0,0,162,34,0,0,164,1,0,2
0,36,0,0,3,32,1,33,35,3,0,0,0,35,0,0,0,0,0,0,0,32,3,0,32,0,32,35,32,0,0,0,36,0,0,0,0,0,0,0,0,0,0,0,0,0,0
32,0,32,0,35,0,1,1,3,35,0,32,32,3,0,0,0,0,0,32,0,32,35,0,32,32,32,3,0,0,0,32,0,0,0,0,32,0,0,32,32,0,0,32,0,0,0
0,0,0,0,0,0,164,128,128,0,0,128,0,0,128,0,128,164,0,0,0,0,0,36,1,0,132,0,0,36,128,0,0,164,36,0,0,0,0,128,0,0,36,128,0,0,0
0,0,0,0,0,0,48,0,0,0,0,1,0,16,0,52,52,16,48,1,32,0,0,48,0,0,17,0,1,16,48,0,17,48,52,1,33,0,53,0,0,0,16,17,32,32,32
40,0,32,1,32,0,0,0,8,32,8,32,32,0,8,0,1,0,0,32,0,33,32,0,32,32,32,0,0,0,0,40,0,0,0,0,32,0,0,40,40,1,0,32,1,0,1
32,1,36,0,36,0,0,0,0,32,0,32,32,0,0,0,0,0,0,32,1,33,36,1,32,33,32,1,0,0,0,32,0,0,1,0,32,0,0,33,32,0,1,36,0,0,0
0,33,0,0,0,32,0,32,32,0,0,0,0,32,0,0,0,0,0,0,1,33,0,1,32,1,32,33,32,0,0,0,32,0,1,0,0,0,0,1,0,0,1,0,0,0,0
8,36,0,0,0,32,0,32,40,0,8,0,0,32,8,0,0,0,0,0,0,32,0,0,32,0,32,32,32,0,0,8,36,0,0,0,0,0,0,8,8,0,0,0,0,0,0
0,32,0,0,0,36,128,160,164,0,0,128,1,36,128,0,128,128,0,0,0,32,0,0,32,0,164,36,32,0,128,0,32,132,0,0,0,0,0,128,0,0,0,128,0,0,0
32,0,32,0,33,0,144,128,128,36,0,164,36,16,128,16,145,144,16,36,0,32,32,16,36,36,180,0,0,16,144,32,16,144,16,0,36,0,16,164,36,0,16,176,1,0,0
0,0,0,64,0,32,0,0,0,0,32,36,0,0,1,0,0,0,0,32,0,32,0,0,0,0,36,0,0,0,0,32,0,0,0,36,0,32,0,0,0,32,0,0,0,65,0
8,37,0,0,0,32,0,36,40,0,8,0,0,32,8,0,0,0,0,0,1,37,0,1,32,1,32,33,36,0,0,8,36,0,1,0,0,0,0,9,8,0,1,0,0,0,0
8,32,1,0,0,37,128,160,173,0,8,128,0,36,136,0,128,129,1,0,0,33,0,0,32,0,165,36,32,1,128,8,32,132,0,0,0,0,0,136,8,0,0,128,1,0,0
0,0,1,0,0,1,32,0,1,0,0,0,0,0,0,32,32,1,33,0,38,3,0,32,0,0,1,0,0,1,32,0,0,32,32,0,32,0,32,2,2,0,0,0,33,32,34
32,0,32,0,32,0,0,0,0,32,0,32,32,0,1,0,0,0,0,32,0,32,32,0,32,32,32,0,0,0,0,32,0,0,0,0,32,0,0,32,32,0,0,32,0,1,0
32,0,32,0,32,0,0,0,0,32,4,32,32,0,0,0,0,0,0,32,0,32,32,0,37,32,32,0,0,0,0,36,0,0,0,0,32,0,0,36,36,0,0,32,0,0,0
0,0,0,0,0,0,32,0,0,0,0,0,0,0,1,32,36,0,32,0,32,0,0,32,0,0,0,0,0,0,32,0,0,32,32,0,32,0,32,0,0,0,0,0,32,33,32
32,0,32,0,32,0,0,0,0,36,0,36,36,0,0,1,0,0,0,36,0,32,33,0,36,36,37,0,0,0,1,33,0,0,0,0,36,0,0,36,37,0,0,32,0,0,0
0,36,0,0,0,32,128,160,160,0,0,128,0,32,128,0,128,128,0,0,0,32,0,0,32,0,160,32,32,0,128,0,36,128,0,0,0,0,0,128,0,0,0,128,0,0,0
0,36,0,64,0,32,0,32,32,0,0,0,0,32,1,0,0,0,0,0,0,32,0,0,32,0,32,32,32,0,0,0,36,0,0,0,0,0,0,0,0,0,0,0,0,65,0
0,32,0,0,3,32,129,161,163,3,0,128,0,35,128,0,128,128,0,0,0,32,3,0,32,0,160,35,32,0,128,0,32,128,0,0,0,0,0,128,0,0,0,128,0,0,0
0,1,0,32,0,0,0,32,0,0,0,0,0,0,32,0,0,0,0,0,1,1,0,1,0,1,0,1,0,0,0,0,0,0,1,0,0,0,0,1,0,0,1,0,0,0,0
32,0,32,64,32,0,0,0,0,32,0,32,32,0,1,0,0,0,0,32,0,32,32,0,32,32,32,0,0,0,0,32,0,0,0,0,32,0,0,32,32,0,0,32,0,65,0
32,0,32,0,32,0,0,0,0,36,0,36,36,0,0,1,0,0,0,36,0,32,33,0,36,36,37,0,0,0,1,33,0,0,0,0,36,0,0,36,37,0,0,32,0,0,0
0,36,0,0,3,32,16,36,34,2,0,0,0,50,0,16,17,16,16,0,0,36,2,16,32,0,48,34,36,16,16,0,52,16,16,0,0,0,16,0,0,0,16,16,1,0,0
32,0,32,0,32,0,16,0,0,36,0,36,36,16,0,16,16,16,16,36,0,32,32,16,36,36,52,0,0,16,16,32,16,16,16,0,36,0,16,36,36,0,16,48,0,0,0
0,0,1,0,0,1,164,128,129,0,0,128,0,0,128,0,128,165,1,0,0,1,0,36,0,0,133,0,0,37,128,0,0,164,36,0,0,0,0,128,0,0,36,128,1,0,0
0,0,0,0,0,0,52,0,0,0,0,0,0,16,0,16,16,52,16,0,0,0,0,52,0,0,20,0,0,52,16,0,16,53,52,0,0,0,16,0,0,0,52,16,0,0,0
32,0,32,0,32,0,144,128,128,32,0,160,33,16,128,16,144,144,16,32,0,32,32,16,32,32,176,0,0,16,144,32,16,144,16,0,32,0,16,160,32,0,16,176,0,0,0
32,0,32,0,32,0,16,0,0,36,0,37,36,16,0,16,16,16,16,37,0,32,32,16,36,36,53,0,1,16,16,32,17,16,16,1,37,0,17,36,36,0,16,49,0,0,0
32,1,32,0,32,0,16,0,0,36,0,36,36,16,0,16,16,16,16,36,1,33,32,17,36,37,52,1,0,16,16,32,16,16,17,0,36,0,16,37,36,0,17,48,0,0,0
32,0,32,0,32,0,0,0,0,32,0,32,32,0,0,0,0,0,0,32,0,32,32,0,32,32,32,0,0,0,0,32,0,0,0,0,32,0,0,32,32,0,0,32,0,1,0
32,0,32,0,33,0,0,0,0,36,0,36,36,0,0,0,1,0,0,36,0,32,32,0,36,36,36,0,0,0,0,32,0,0,0,0,36,0,0,36,36,0,0,32,1,0,0
8,0,0,32,0,16,0,32,8,0,8,0,0,0,56,0,0,0,0,0,0,0,0,0,1,0,0,0,0,0,0,8,0,0,0,0,0,0,0,8,24,0,0,0,0,0,0
0,0,0,32,1,0,128,160,128,0,0,128,0,0,160,0,129,128,0,0,0,0,0,0,0,0,128,0,0,0,128,0,0,128,0,0,0,0,0,128,0,0,0,128,1,0,0
0,1,0,0,0,32,0,0,0,0,32,36,0,0,0,0,0,0,0,36,1,33,0,1,0,1,36,1,0,0,0,32,0,0,1,36,0,36,0,1,0,36,1,0,0,0,0
0,36,0,64,0,32,0,32,32,0,0,0,0,32,1,0,0,0,0,0,0,32,0,0,32,0,32,32,32,0,0,0,36,0,0,0,0,0,0,0,0,0,0,0,0,65,0
0,1,0,0,0,32,0,0,0,0,32,36,0,0,0,0,0,0,0,32,1,33,0,1,0,1,36,1,0,0,0,32,0,0,1,36,0,32,0,1,0,36,1,0,0,0,0
32,0,32,0,32,0,128,128,128,36,0,164,36,0,128,0,128,128,0,36,0,32,32,0,36,36,164,0,0,0,128,32,0,129,0,0,36,0,0,164,36,0,0,160,0,0,0
0,0,0,0,0,32,128,128,128,0,32,164,0,0,128,0,128,128,0,32,0,32,0,0,1,0,164,0,0,0,128,32,0,128,0,36,0,32,0,128,0,32,0,128,0,0,0
32,1,32,0,34,0,0,0,2,38,0,36,36,2,0,0,0,0,0,36,1,33,34,1,36,37,36,3,0,0,0,32,0,0,1,0,36,0,0,37,36,0,1,32,0,0,0
0,36,0,1,0,32,0,32,32,0,0,0,0,32,0,0,1,0,0,0,0,33,0,0,32,0,32,32,32,0,0,0,36,0,0,0,0,0,0,0,0,1,0,0,1,0,1
0,0,0,0,1,32,0,0,0,0,36,32,0,0,0,0,1,0,0,32,2,38,0,0,0,0,32,0,0,0,0,36,0,0,0,32,0,32,0,2,2,32,0,0,1,0,2
32,0,32,0,32,0,0,0,0,32,1,32,32,0,0,0,0,0,1,32,0,32,33,0,32,32,33,0,0,0,0,32,0,0,0,0,32,0,0,32,32,0,0,32,0,0,0
32,0,32,0,32,0,128,128,128,36,0,164,37,0,128,0,128,128,0,36,0,32,32,0,36,36,164,0,0,0,128,32,0,128,0,0,36,0,0,164,36,0,0,160,0,0,0
32,0,32,0,32,0,128,128,128,36,0,164,37,0,128,0,128,128,0,36,0,32,32,0,36,36,164,0,0,0,128,32,0,128,0,0,36,0,0,164,36,0,0,160,0,0,0
32,0,32,0,33,0,128,128,128,36,0,164,36,0,128,0,129,128,0,36,0,32,32,0,36,36,164,0,0,0,128,32,0,128,0,0,36,0,0,164,36,0,0,160,1,0,0
32,0,32,1,32,0,128,128,128,32,0,160,32,0,128,0,129,128,0,32,0,33,32,0,32,32,160,0,0,0,128,32,0,128,0,0,32,0,0,160,32,1,0,160,1,0,1
0,0,0,0,1,0,164,128,128,0,0,128,0,0,128,0,129,164,0,0,0,0,0,36,0,0,132,0,0,36,128,0,0,164,36,0,0,0,0,128,0,0,36,128,1,0,0
0,32,1,0,0,37,16,32,37,0,0,0,0,52,0,16,16,17,17,0,0,33,0,16,32,0,53,36,32,17,16,0,48,20,16,0,0,0,16,0,0,0,16,16,1,0,0
32,0,36,0,39,0,0,0,2,34,0,32,32,2,0,0,1,0,0,32,0,32,38,0,32,32,32,2,0,0,0,32,0,0,0,0,32,0,0,32,32,0,0,36,1,0,0
32,0,32,0,33,0,128,128,128,36,0,164,36,0,128,0,129,128,0,36,0,32,32,0,36,36,164,0,0,0,128,32,0,128,0,0,36,0,0,164,36,0,0,160,1,0,0
0,32,1,0,0,33,144,160,161,0,0,128,0,48,128,16,144,145,17,0,0,33,0,16,32,0,177,32,32,17,144,0,48,144,16,0,0,0,16,128,0,0,16,144,1,0,0
0,0,0,0,0,32,128,128,128,0,36,160,0,0,128,1,128,128,0,32,0,36,1,0,0,0,161,0,0,0,129,37,0,128,0,32,0,32,0,128,1,32,0,128,0,0,0
8,36,0,0,0,32,0,32,40,0,8,0,0,32,8,0,0,0,0,0,0,32,0,0,32,0,32,32,32,0,0,8,36,1,0,0,0,0,0,8,8,0,0,0,0,0,0
0,0,0,0,0,0,160,128,128,0,0,128,1,0,128,32,164,128,32,0,32,0,0,32,0,0,128,0,0,0,160,0,0,160,32,0,32,0,32,128,0,0,0,128,32,32,32
0,0,0,0,0,0,160,128,128,0,0,128,0,0,128,33,164,128,32,0,32,0,1,32,0,0,129,0,0,0,161,1,0,160,32,0,32,0,32,128,1,0,0,128,32,32,32
0,0,0,0,0,0,32,0,0,0,0,1,0,0,0,32,36,0,32,1,32,0,0,32,0,0,1,0,1,0,32,0,1,32,32,1,33,0,33,0,0,0,0,1,32,32,32
0,0,0,0,1,0,160,128,128,0,0,128,0,0,128,36,165,128,32,0,32,0,0,32,0,0,128,0,0,0,160,0,0,160,36,0,32,0,36,128,0,0,0,128,33,32,32
0,33,0,0,0,36,0,32,36,0,0,0,0,36,0,0,0,0,0,0,1,33,0,1,32,1,36,37,32,0,0,0,32,4,1,0,0,0,0,1,0,0,1,0,0,0,0
32,0,33,0,32,1,16,0,1,36,0,36,36,16,0,16,16,17,17,36,0,33,32,16,36,36,53,0,0,17,16,32,16,16,16,0,36,0,16,36,36,0,16,48,1,0,0
40,0,32,64,32,0,0,0,8,32,8,32,32,0,9,0,0,0,0,32,0,32,32,0,32,32,32,0,0,0,0,40,0,0,0,0,32,0,0,40,40,0,0,32,0,65,0
0,0,0,0,1,32,128,128,128,0,32,164,0,0,128,0,129,128,0,32,0,32,0,0,0,0,164,0,0,0,128,32,0,128,0,36,0,32,0,128,0,36,0,128,1,0,0
32,1,36,0,36,0,0,0,0,32,0,32,32,0,0,0,0,0,0,32,1,33,36,1,32,33,32,1,0,0,0,32,0,0,1,0,32,0,0,33,32,0,1,36,0,0,0
0,32,0,0,0,36,128,160,164,0,0,128,0,36,128,0,128,128,0,0,0,32,0,0,32,0,165,36,32,0,128,0,32,132,0,0,0,0,0,128,0,0,0,128,0,0,0
32,0,32,0,32,0,16,0,0,36,0,36,37,16,0,16,16,16,16,36,0,32,32,16,36,36,52,0,0,16,16,32,16,16,16,0,36,0,16,36,36,0,16,48,0,0,0
32,0,32,0,32,0,144,128,128,32,0,160,32,16,128,16,144,144,16,32,0,32,32,16,32,32,177,0,0,16,144,32,16,144,16,0,32,0,16,160,32,0,16,176,0,0,0
0,36,0,0,1,32,144,164,160,0,0,128,0,48,128,16,145,144,16,0,0,36,0,16,32,0,176,32,36,16,144,0,52,144,16,0,0,0,16,128,0,0,16,144,1,0,0
32,0,36,0,39,0,17,1,3,35,0,32,32,19,0,16,16,16,16,32,0,32,39,16,32,32,48,3,0,16,16,32,16,16,16,0,32,0,16,32,32,0,16,52,0,0,0
0,0,0,0,0,0,160,128,128,0,0,128,0,0,128,37,164,128,32,0,32,0,1,32,0,0,129,0,0,0,161,1,0,160,36,0,32,0,36,128,1,0,0,128,32,32,32
32,0,33,0,32,1,0,0,1,36,0,36,36,0,0,0,0,1,1,36,0,33,32,0,36,36,37,0,0,1,0,32,0,0,0,0,36,0,0,36,36,0,0,32,1,0,0
0,1,0,32,0,0,128,160,128,0,0,128,0,0,160,0,128,128,0,0,1,1,0,1,0,1,128,1,0,0,128,0,0,128,1,0,0,0,0,129,0,0,1,128,0,0,0
0,0,0,0,0,0,160,128,128,0,0,128,0,0,128,0,128,160,0,0,0,0,0,32,0,0,129,0,0,32,128,0,0,160,32,0,0,0,0,128,0,0,32,128,0,0,0
32,0,32,0,33,0,128,128,128,32,0,160,32,0,128,0,129,128,0,32,0,32,32,0,32,32,160,0,0,0,128,32,0,128,0,0,32,0,0,160,32,0,0,160,1,0,0
40,0,32,0,32,0,0,0,8,32,8,32,32,0,8,0,0,0,0,32,0,32,32,0,32,32,32,0,0,0,0,40,0,0,0,0,32,0,0,40,40,0,0,32,0,0,0
40,0,32,0,33,16,128,128,136,32,8,160,32,0,152,0,129,128,0,32,0,32,32,0,32,32,160,0,0,0,128,40,0,128,0,0,32,0,0,168,56,0,0,160,1,0,0
0,0,0,0,0,0,32,0,0,0,0,0,0,0,0,33,36,0,32,0,32,0,1,32,0,0,1,0,0,0,33,1,0,32,32,0,32,0,32,0,1,0,0,0,32,32,32
8,32,1,0,0,53,0,32,45,0,8,0,0,36,24,0,0,1,1,0,0,33,0,0,32,0,37,36,32,1,0,8,32,4,0,0,0,0,0,8,24,0,0,0,1,0,0
32,0,32,0,35,0,129,129,131,35,0,160,32,3,128,0,128,128,0,32,0,32,35,0,32,32,160,3,0,0,128,32,0,128,0,0,32,0,0,160,32,0,0,160,0,0,0
8,0,0,1,0,16,128,128,136,0,8,128,0,0,152,0,129,128,0,0,0,1,0,0,0,0,128,0,0,0,128,8,0,128,0,0,0,0,0,136,24,1,0,128,1,0,1
32,0,32,0,32,0,128,128,128,32,4,160,33,0,128,0,128,128,0,32,0,32,32,0,36,32,160,0,0,0,128,36,0,128,0,0,32,0,0,164,36,0,0,160,0,0,0
32,0,32,0,33,0,0,0,0,32,0,32,32,0,0,0,1,0,0,32,2,34,32,0,32,32,32,0,0,0,0,32,0,0,0,0,32,0,0,34,34,0,0,32,1,0,2
40,0,33,0,32,17,128,128,137,36,8,164,36,0,152,0,128,129,1,36,0,33,32,0,36,36,165,0,0,1,128,40,0,128,0,0,36,0,0,172,60,0,0,160,1,0,0
8,0,0,33,0,16,0,32,8,0,8,0,0,0,56,0,1,0,0,0,0,1,0,0,0,0,0,0,0,0,0,8,0,0,0,0,0,0,0,8,24,1,0,0,1,0,1
8,0,0,32,0,16,0,32,8,0,8,0,0,0,56,0,0,0,0,0,0,0,0,0,1,0,0,0,0,0,0,8,0,0,0,0,0,0,0,8,24,0,0,0,0,0,0
32,0,32,0,32,0,0,0,0,36,0,36,36,0,0,0,0,0,0,36,0,32,32,0,36,36,36,0,0,0,0,32,0,0,0,0,36,0,0,36,36,0,0,32,0,0,0
0,36,0,0,3,32,1,33,35,3,0,0,0,35,0,0,0,0,0,0,0,32,3,0,32,0,32,35,32,0,0,0,36,0,0,0,0,0,0,0,0,0,0,0,0,0,0
8,1,0,0,0,52,0,0,8,0,40,32,0,0,24,0,0,0,0,32,1,33,0,1,0,1,32,1,0,0,0,40,0,0,1,32,0,32,0,9,24,32,1,0,0,0,0
0,0,1,0,0,1,160,128,129,0,0,128,0,0,128,32,160,129,33,0,36,1,0,32,0,0,129,0,0,1,160,0,0,160,32,0,32,0,32,128,0,0,0,128,33,32,32
0,37,0,0,0,32,0,36,32,0,0,0,0,32,0,0,0,0,0,0,1,37,0,1,32,1,32,33,36,0,0,0,36,0,1,0,0,0,0,1,0,0,1,0,0,0,0
32,0,32,0,33,0,144,128,128,36,0,164,36,16,128,16,145,144,16,36,0,32,32,16,36,36,180,0,0,16,144,32,16,144,16,0,36,0,16,164,36,0,16,176,1,0,0
0,0,0,0,0,0,176,128,128,0,0,128,0,16,128,52,180,144,48,0,32,0,0,48,0,0,144,0,0,16,176,0,16,176,52,0,32,0,52,128,0,0,16,144,32,32,32
0,0,0,0,0,32,0,0,0,0,32,36,0,0,0,0,0,0,0,32,0,36,0,0,0,0,36,0,0,0,0,32,0,0,0,36,0,32,0,0,0,32,0,0,0,0,0
32,1,32,0,32,0,0,0,0,36,0,36,36,0,0,0,0,0,0,36,1,33,32,1,36,37,36,1,0,0,0,32,0,0,1,0,36,0,0,37,36,0,1,32,0,0,0
36,0,32,0,32,0,16,0,0,32,0,32,32,16,0,16,16,16,16,32,0,32,32,16,32,32,48,0,0,16,16,32,16,16,16,0,32,0,16,32,32,0,16,48,0,0,0
0,0,0,1,0,32,0,0,0,0,36,36,0,0,0,0,1,0,0,32,2,35,0,0,4,0,36,0,0,0,0,36,0,0,0,36,0,32,0,2,6,33,0,0,1,0,3
0,0,0,0,0,0,176,128,128,0,0,129,0,16,128,48,176,144,48,1,36,0,0,48,0,0,145,0,1,16,176,0,17,176,48,1,33,0,49,128,0,0,16,145,32,32,32
0,0,0,65,0,0,32,0,0,0,0,0,0,0,0,32,33,0,32,0,36,1,0,32,0,0,0,0,0,0,32,0,0,32,32,0,32,0,32,0,0,1,0,0,33,96,33
0,36,0,0,0,32,128,160,160,0,0,129,0,32,128,0,128,128,0,1,0,32,0,0,32,0,161,32,33,0,128,0,37,128,0,1,1,0,1,128,0,0,0,129,0,0,0
32,0,36,1,36,0,0,0,0,32,0,32,32,0,0,0,1,0,0,32,0,33,36,0,32,32,32,0,0,0,0,32,0,0,0,0,32,0,0,32,32,1,0,36,1,0,1
32,0,32,0,32,0,128,128,128,36,0,164,37,0,128,0,128,128,0,36,0,32,32,0,36,36,164,0,0,0,128,32,0,128,0,0,36,0,0,164,36,0,0,160,0,0,0
32,0,32,0,32,0,16,0,0,36,0,36,36,16,0,17,16,16,16,36,0,32,33,16,36,36,53,0,0,16,17,33,16,16,16,0,36,0,16,36,37,0,16,48,0,0,0
0,0,0,0,1,32,0,0,0,0,32,32,0,0,0,0,1,0,0,32,2,34,0,0,0,0,32,0,0,0,0,32,0,0,0,36,0,32,0,2,2,32,0,0,1,0,2
0,36,1,0,0,33,144,160,161,0,0,128,0,48,128,16,144,145,17,0,0,33,0,16,32,0,177,32,32,17,144,0,52,144,16,0,0,0,16,128,0,0,16,144,1,0,0
0,1,0,32,0,0,144,160,128,0,0,128,0,16,160,16,144,144,16,0,1,1,0,17,0,1,144,1,0,16,144,0,16,144,17,0,0,0,16,129,0,0,17,144,0,0,0
40,0,32,0,32,0,0,0,8,36,8,36,36,0,8,1,0,0,0,36,0,32,33,0,36,36,37,0,0,0,1,41,0,0,0,0,36,0,0,44,45,0,0,32,0,0,0
32,0,32,0,32,0,0,0,0,32,4,33,32,0,0,0,0,0,0,33,0,32,32,0,36,32,33,0,1,0,0,36,1,0,0,1,33,0,1,36,36,0,0,33,0,0,0
40,0,32,0,33,0,128,128,136,36,8,164,36,0,136,0,129,128,0,36,0,32,32,0,36,36,164,0,0,0,128,40,0,128,0,0,36,0,0,172,44,0,0,160,1,0,0
0,32,1,0,0,37,128,160,165,0,0,128,0,36,128,0,128,129,1,0,0,33,0,0,32,0,165,36,32,1,128,0,32,132,0,0,0,0,0,128,0,0,0,128,1,0,0
0,32,0,0,2,36,128,160,166,2,1,128,0,38,128,0,128,128,1,0,0,32,3,0,32,0,165,38,32,0,128,0,32,132,0,0,0,0,0,128,0,0,0,128,0,0,0
44,0,32,0,32,16,128,128,136,32,8,160,32,0,152,0,128,128,0,32,0,32,32,0,32,32,160,0,0,0,128,40,0,128,0,0,32,0,0,168,56,0,0,160,0,1,0
0,32,1,0,0,37,144,160,165,0,0,128,0,52,128,16,144,145,17,0,0,33,0,16,32,0,181,36,32,17,144,0,48,148,16,0,0,0,16,128,0,0,16,144,1,0,0
0,37,0,0,0,32,0,36,32,0,0,0,0,32,0,0,0,0,0,0,1,37,0,1,32,1,32,33,36,0,0,0,36,0,1,0,0,0,0,1,0,0,1,0,0,0,0
40,0,36,0,36,16,128,128,136,32,8,160,32,0,152,0,128,128,0,32,0,32,36,0,32,32,160,0,0,0,128,40,0,128,0,0,32,0,0,168,56,0,0,164,0,0,0
32,0,32,0,33,0,128,128,128,32,0,160,32,0,128,0,129,128,0,32,0,32,32,0,32,32,160,0,0,0,128,32,0,128,0,0,32,0,0,160,32,0,0,160,1,0,0
8,0,0,0,1,36,128,128,136,0,40,160,0,0,136,0,129,128,0,32,0,32,0,0,0,0,160,0,0,0,128,40,0,128,0,32,0,32,0,136,8,32,0,128,1,0,0
32,0,32,0,32,0,128,128,128,36,0,164,36,0,128,0,128,128,0,36,0,32,32,0,36,36,164,0,0,0,128,32,0,128,0,0,36,0,0,164,36,0,0,160,0,0,0
0,0,0,0,1,0,0,0,0,0,0,0,0,0,0,0,1,0,0,0,0,0,0,0,0,0,0,0,0,0,0,0,0,0,0,0,0,0,0,0,0,0,0,0,37,36,36
32,0,33,0,32,1,0,0,1,32,4,32,32,0,0,0,0,1,1,32,0,33,32,0,36,32,33,0,0,1,0,36,0,0,0,0,32,0,0,36,36,0,0,32,1,0,0
32,0,32,0,32,0,0,0,0,32,1,32,32,0,0,0,0,0,1,32,0,32,33,0,32,32,33,0,0,0,0,32,0,0,0,0,32,0,0,32,32,0,0,32,0,0,0
0,0,0,0,0,0,32,0,0,0,0,0,0,0,0,37,36,0,32,0,32,0,1,32,0,0,1,0,0,0,33,1,0,32,36,0,32,0,36,0,1,0,0,0,32,32,32
40,0,32,0,32,16,0,0,8,32,8,32,33,0,24,0,0,0,0,32,0,32,32,0,32,32,32,0,0,0,0,40,0,0,0,0,32,0,0,40,56,0,0,32,0,0,0
0,0,0,0,0,0,160,128,128,0,0,128,1,0,128,32,164,128,36,0,32,0,0,32,0,0,128,0,0,0,160,0,0,160,32,0,36,0,36,128,0,0,0,128,32,32,32
0,0,0,0,0,0,0,0,0,0,0,0,0,0,0,0,0,0,0,0,0,0,0,0,1,0,0,0,0,0,0,0,0,0,0,0,0,0,0,0,0,0,0,0,0,0,0
32,0,32,0,32,0,0,0,0,32,4,32,32,0,0,1,0,0,0,32,2,34,33,0,36,32,33,0,0,0,1,37,0,0,0,0,32,0,0,38,39,0,0,32,0,0,2
0,0,0,0,1,0,144,128,128,0,0,128,0,16,128,16,145,144,16,0,0,0,0,16,0,0,144,0,0,16,144,0,16,144,16,0,0,0,16,128,0,0,16,144,1,0,0
0,32,0,0,1,36,144,160,164,0,0,128,0,52,128,16,145,144,16,0,0,32,0,16,32,0,180,36,32,16,144,0,48,148,16,0,0,0,16,128,0,0,16,144,1,0,0
32,0,33,0,32,1,16,0,1,36,0,36,36,16,0,16,16,17,17,36,0,33,32,16,36,36,53,0,0,17,16,32,16,16,16,0,36,0,16,36,36,0,16,48,1,0,0
0,36,0,0,3,32,128,164,162,2,0,128,0,34,128,0,129,128,0,0,0,36,2,0,32,0,160,34,36,0,128,0,36,128,0,0,0,0,0,128,0,0,0,128,1,0,0
32,0,32,0,33,0,144,128,128,32,0,160,32,16,128,16,145,144,16,32,2,34,32,16,32,32,176,0,0,16,144,32,16,144,16,0,32,0,16,162,34,0,16,176,1,0,2
0,36,0,0,0,32,0,36,32,0,0,0,0,32,0,0,0,0,0,0,0,36,0,0,32,0,32,32,36,0,0,0,36,0,0,0,0,0,0,0,0,0,0,0,0,0,0
0,0,0,1,0,0,164,128,128,0,0,128,0,0,128,0,129,164,0,0,0,1,0,36,0,0,132,0,0,36,128,0,0,164,36,0,0,0,0,128,0,1,36,128,1,0,1
32,0,32,0,32,0,16,0,0,36,0,36,36,16,0,17,16,16,16,36,0,32,33,16,36,36,53,0,0,16,17,33,16,16,16,0,36,0,16,36,37,0,16,48,0,0,0
32,0,32,0,32,0,144,128,128,36,0,164,36,16,128,17,144,144,16,36,0,32,33,16,36,36,181,0,0,16,145,33,16,144,16,0,36,0,16,164,37,0,16,176,0,0,0
0,0,0,0,0,0,164,128,128,0,0,128,0,0,128,0,128,164,0,0,0,0,0,36,0,0,133,0,0,36,128,0,0,164,36,0,0,0,0,128,0,0,36,128,0,0,0
44,0,32,0,33,0,128,128,136,32,8,160,32,0,136,0,129,128,0,32,0,32,32,0,32,32,160,0,0,0,128,40,0,128,0,0,32,0,0,168,40,0,0,160,1,0,0
32,0,32,0,35,0,0,0,2,38,0,36,36,2,0,0,1,0,0,36,0,32,34,0,36,36,36,2,0,0,0,32,0,0,0,0,36,0,0,36,36,0,0,32,1,0,0
40,0,32,0,32,16,0,0,8,36,8,36,36,0,24,1,0,0,0,36,0,32,33,0,36,36,37,0,0,0,1,41,0,0,0,0,36,0,0,44,61,0,0,32,0,0,0
0,33,0,0,0,36,0,32,36,0,0,0,0,36,0,0,0,0,0,0,1,33,0,1,32,1,36,37,32,0,0,0,32,4,1,0,0,0,0,1,0,0,1,0,0,0,0
32,0,32,0,33,0,0,0,0,32,0,32,32,0,0,0,1,0,0,32,0,32,32,0,32,32,32,0,0,0,0,32,0,0,0,0,32,0,0,32,32,0,0,32,1,0,0
0,32,0,64,0,32,0,32,32,0,0,0,0,32,1,0,0,0,0,0,0,32,0,0,32,0,32,32,32,0,0,0,32,0,0,0,0,0,0,0,0,0,0,0,0,65,0
0,0,0,0,0,0,160,128,128,0,1,128,0,0,128,36,164,128,33,0,32,0,1,32,0,0,129,0,0,0,160,0,0,160,36,0,32,0,36,128,0,0,0,128,32,32,32
0,32,0,0,0,36,0,32,36,0,0,0,0,36,0,0,0,0,0,0,0,32,0,0,32,0,36,36,32,0,0,0,32,4,0,0,0,0,0,0,0,0,0,0,0,0,0
0,0,0,0,0,0,0,0,0,0,0,0,0,0,0,0,0,0,0,0,0,0,0,0,1,0,0,0,0,0,0,0,0,0,0,0,0,0,0,0,0,0,0,0,0,0,0
32,1,32,0,32,0,0,0,0,36,0,36,36,0,0,0,0,0,0,36,1,33,32,1,36,37,36,1,0,0,0,32,0,0,1,0,36,0,0,37,36,0,1,32,0,0,0
32,0,32,0,32,0,128,128,128,32,0,160,32,0,129,0,128,128,0,32,0,32,32,0,32,32,160,0,0,0,128,32,0,128,0,0,32,0,0,160,32,0,0,160,0,1,0
0,0,0,0,1,0,0,0,0,0,0,0,0,0,0,0,1,0,0,0,0,0,0,0,0,0,0,0,0,0,0,0,0,0,0,0,0,0,0,0,0,0,0,0,37,36,36
0,0,0,0,0,0,32,0,0,0,0,0,1,0,0,32,32,0,32,0,32,0,0,32,0,0,0,0,0,0,32,0,0,32,36,0,32,0,32,0,0,0,0,0,32,32,32
32,0,32,0,32,0,128,128,128,36,0,165,36,0,128,0,128,128,0,37,0,32,32,0,36,36,165,0,1,0,128,32,1,128,0,1,37,0,1,164,36,0,0,161,0,0,0
0,33,0,0,0,36,16,32,36,0,0,0,0,52,0,16,16,16,16,0,1,33,0,17,32,1,52,37,32,16,16,0,48,20,17,0,0,0,16,1,0,0,17,16,0,0,0
0,32,0,0,0,36,16,32,36,0,1,0,0,52,0,16,16,16,17,0,0,32,1,16,32,0,53,36,32,16,16,0,48,20,16,0,0,0,16,0,0,0,16,16,0,0,0
32,1,32,0,32,0,0,0,0,32,0,32,32,0,0,0,0,0,0,32,1,33,32,1,32,33,32,1,0,0,0,32,0,0,1,0,32,0,0,33,32,0,1,32,0,0,0
0,0,0,0,0,32,0,0,0,0,36,36,0,0,0,0,0,0,0,32,0,32,0,0,4,0,36,0,0,0,0,36,0,0,0,36,0,32,0,0,4,32,0,0,0,0,0
32,0,32,0,33,0,0,0,0,36,0,36,36,0,0,0,1,0,0,36,0,32,32,0,36,36,36,0,0,0,0,32,0,0,0,0,36,0,0,36,36,0,0,32,1,0,0
32,0,32,0,32,0,144,128,128,36,0,164,36,16,128,16,144,144,16,36,0,32,32,16,36,36,181,0,0,16,144,32,16,144,16,0,36,0,16,164,36,0,16,176,0,0,0
32,0,32,0,32,0,128,128,128,36,0,164,36,0,128,1,128,128,0,36,0,32,33,0,36,36,165,0,0,0,129,33,0,128,0,0,36,0,0,164,37,0,0,160,0,0,0
8,0,0,0,0,48,0,0,8,0,44,32,0,0,24,1,0,0,0,32,2,38,1,0,0,0,33,0,0,0,1,45,0,0,0,32,0,32,0,10,27,32,0,0,0,0,2
32,0,32,0,32,0,128,128,128,36,0,164,36,0,128,1,128,128,0,36,0,32,33,0,36,36,165,0,0,0,129,33,0,128,0,0,36,0,0,164,37,0,0,160,0,0,0
32,0,32,0,32,0,144,128,128,36,0,164,36,16,128,16,144,144,16,36,0,32,32,16,36,36,180,0,0,16,144,32,16,145,16,0,36,0,16,164,36,0,16,176,0,0,0
32,0,32,1,32,0,128,128,128,36,0,164,36,0,128,0,129,128,0,36,0,33,32,0,36,36,164,0,0,0,128,32,0,128,0,0,36,0,0,164,36,1,0,160,1,0,1
32,0,32,0,32,0,128,128,128,36,0,164,36,0,128,0,128,128,0,36,0,32,32,0,36,36,164,0,0,0,128,32,0,128,0,0,36,0,0,164,36,0,0,160,0,0,0
32,0,32,0,32,0,128,128,128,36,0,164,37,0,128,0,128,128,0,36,0,32,32,0,36,36,164,0,0,0,128,32,0,128,0,0,36,0,0,164,36,0,0,160,0,0,0
0,37,0,0,2,32,0,32,34,2,0,0,0,34,0,0,0,0,0,0,1,33,2,1,32,1,32,35,32,0,0,0,36,0,1,0,0,0,0,1,0,0,1,0,0,0,0
40,0,32,0,35,16,145,129,139,35,8,160,32,19,152,16,144,144,16,32,0,32,35,16,32,32,176,3,0,16,144,40,16,144,16,0,32,0,16,168,56,0,16,176,0,0,0
0,32,0,0,1,36,129,161,165,1,0,128,0,37,128,0,128,128,0,0,0,32,1,0,32,0,164,37,32,0,128,0,32,132,0,0,0,0,0,128,0,0,0,128,0,0,0
0,32,0,0,3,36,144,160,166,2,0,128,0,54,128,16,145,144,16,0,0,32,2,16,32,0,180,38,32,16,144,0,48,148,16,0,0,0,16,128,0,0,16,144,1,0,0
32,0,32,0,33,0,0,0,0,36,0,36,36,0,0,0,1,0,0,36,0,32,32,0,36,36,36,0,0,0,0,32,0,0,0,0,36,0,0,36,36,0,0,32,1,0,0
0,36,1,0,0,33,144,160,161,0,0,128,0,48,128,16,144,145,17,0,0,33,0,16,32,0,177,32,32,17,144,0,52,144,16,0,0,0,16,128,0,0,16,144,1,0,0
0,0,0,0,0,0,160,128,128,0,0,128,1,0,128,32,160,128,32,0,32,0,0,32,0,0,128,0,0,0,160,0,0,160,36,0,32,0,32,128,0,0,0,128,32,32,32
0,32,0,0,0,36,144,160,164,0,0,128,1,52,128,16,144,144,16,0,0,32,0,16,32,0,180,36,32,16,144,0,48,148,16,0,0,0,16,128,0,0,16,144,0,0,0
0,0,0,0,1,32,0,0,0,0,36,32,0,0,0,0,1,0,0,32,0,36,0,0,0,0,32,0,0,0,0,36,0,0,0,32,0,32,0,0,0,32,0,0,1,0,0
32,0,32,0,32,0,144,128,128,36,0,164,37,16,128,16,144,144,16,36,0,32,32,16,36,36,180,0,0,16,144,32,16,144,16,0,36,0,16,164,36,0,16,176,0,0,0
32,0,32,0,32,0,128,128,128,32,0,160,32,0,128,0,128,128,0,32,0,32,32,0,32,32,160,0,0,0,128,32,0,128,0,0,32,0,0,160,32,0,0,160,0,0,0
8,0,0,0,0,48,0,0,8,0,44,32,0,0,24,1,0,0,0,32,0,36,1,0,0,0,33,0,0,0,1,45,0,0,0,32,0,32,0,8,25,32,0,0,0,0,0
32,0,32,0,33,0,144,128,128,36,0,164,36,16,128,16,145,144,16,36,0,32,32,16,36,36,180,0,0,16,144,32,16,144,16,0,36,0,16,164,36,0,16,176,1,0,0
32,0,32,0,32,0,128,128,128,36,0,164,36,0,128,1,128,128,0,36,0,32,33,0,36,36,165,0,0,0,129,33,0,128,0,0,36,0,0,164,37,0,0,160,0,0,0
32,0,36,0,36,0,144,128,128,32,0,160,32,16,128,16,144,144,16,32,0,32,36,16,33,32,176,0,0,16,144,32,16,144,16,0,32,0,16,160,32,0,16,180,0,0,0
0,0,0,0,0,0,160,128,128,0,0,128,0,0,128,32,164,128,32,0,32,0,0,32,0,0,129,0,0,0,160,0,0,160,32,0,32,0,32,128,0,0,0,128,32,32,32
0,0,0,0,0,0,160,128,128,0,0,128,0,0,129,32,164,128,32,0,32,0,0,32,0,0,128,0,0,0,160,0,0,160,32,0,32,0,32,128,0,0,0,128,32,33,32
0,0,0,0,0,0,32,0,0,0,0,1,0,0,0,32,36,0,32,1,32,0,0,32,0,0,1,0,1,0,32,0,1,32,32,1,33,0,33,0,0,0,0,1,32,32,32
0,37,0,0,0,32,16,36,32,0,0,0,0,48,0,16,16,16,16,0,1,37,0,17,32,1,48,33,36,16,16,0,52,16,17,0,0,0,16,1,0,0,17,16,0,0,0
0,0,0,32,0,0,128,160,128,0,0,129,0,0,160,0,128,128,0,1,0,0,0,0,0,0,129,0,1,0,128,0,1,128,0,1,1,0,1,128,0,0,0,129,0,0,0
32,0,32,0,33,0,0,0,0,32,0,32,32,0,0,0,1,0,0,32,0,32,32,0,32,32,32,0,0,0,0,32,0,0,0,0,32,0,0,32,32,0,0,32,1,0,0
0,0,1,0,0,1,0,0,1,0,0,0,0,0,0,0,0,1,1,0,0,1,0,0,0,0,1,0,0,1,0,0,0,0,0,0,0,0,0,0,0,0,0,0,1,0,0
0,0,1,0,0,33,0,0,1,0,32,32,0,0,0,0,0,1,1,32,0,33,0,0,0,0,33,0,0,1,0,32,0,0,0,36,0,32,0,0,0,32,0,0,1,0,0
40,0,32,0,32,16,0,0,8,32,8,32,32,0,25,0,0,0,0,32,0,32,32,0,32,32,32,0,0,0,0,40,0,0,0,0,32,0,0,40,56,0,0,32,0,1,0
32,0,32,0,32,0,144,128,128,32,0,160,33,16,128,16,144,144,16,32,0,32,32,16,32,32,176,0,0,16,144,32,16,144,16,0,32,0,16,160,32,0,16,176,0,0,0
40,0,32,0,32,16,16,0,8,36,8,37,36,16,24,16,16,16,16,37,0,32,32,16,36,36,53,0,1,16,16,40,17,16,16,1,37,0,17,44,60,0,16,49,0,0,0
32,0,32,0,33,0,128,128,128,32,0,160,32,0,128,0,129,128,0,32,0,32,32,0,32,32,160,0,0,0,128,32,0,128,0,0,32,0,0,160,32,0,0,160,1,0,0
40,0,32,0,32,16,128,128,136,32,8,160,32,0,152,1,128,128,0,32,0,32,33,0,32,32,161,0,0,0,129,41,0,128,0,0,32,0,0,168,57,0,0,160,0,0,0
40,0,36,0,36,0,0,0,8,32,8,32,32,0,8,0,0,0,0,32,0,32,36,0,32,32,32,0,0,0,0,40,0,0,0,0,32,0,0,40,40,0,0,36,0,0,0
0,0,0,32,0,0,128,160,128,0,0,128,1,0,160,0,128,128,0,0,0,0,0,0,0,0,128,0,0,0,128,0,0,128,0,0,0,0,0,128,0,0,0,128,0,0,0
32,0,32,0,32,0,0,0,0,32,0,32,32,0,0,1,0,0,0,32,0,32,33,0,32,32,33,0,0,0,1,33,0,0,0,0,32,0,0,32,33,0,0,32,0,0,0
32,0,32,0,32,0,0,0,0,32,4,32,32,0,0,0,0,0,0,32,0,32,32,0,36,32,32,0,0,0,0,36,0,0,0,0,32,0,0,36,36,0,0,32,0,0,0
40,0,32,0,33,0,0,0,8,36,8,36,36,0,8,0,1,0,0,36,0,32,32,0,36,36,36,0,0,0,0,40,0,0,0,0,36,0,0,44,44,0,0,32,1,0,0
32,0,32,0,32,0,144,128,128,36,0,164,36,16,128,17,144,144,16,36,0,32,33,16,36,36,181,0,0,16,145,33,16,144,16,0,36,0,16,164,37,0,16,176,0,0,0
0,32,1,0,0,37,16,32,37,0,0,0,0,52,0,16,16,17,17,0,0,33,0,16,32,0,53,36,32,17,16,0,48,20,16,0,0,0,16,0,0,0,16,16,1,0,0
0,36,0,0,1,32,0,36,32,0,0,0,0,32,0,0,1,0,0,0,0,36,0,0,32,0,32,32,36,0,0,0,36,0,0,0,0,0,0,0,0,0,0,0,1,0,0
32,1,32,0,32,0,16,0,0,36,0,36,36,16,0,16,16,16,16,36,1,33,32,17,36,37,52,1,0,16,16,32,16,16,17,0,36,0,16,37,36,0,17,48,0,0,0
0,0,0,0,0,0,160,128,128,0,0,128,0,0,128,32,160,128,32,0,36,0,0,32,0,0,129,0,0,0,160,0,0,160,32,0,32,0,32,128,0,0,0,128,32,32,32
32,0,32,0,32,0,128,128,128,36,0,164,36,0,128,1,128,128,0,36,0,32,33,0,36,36,165,0,0,0,129,33,0,128,0,0,36,0,0,164,37,0,0,160,0,0,0
0,0,0,0,0,0,36,0,0,0,0,0,0,0,1,0,0,36,0,0,0,0,0,36,0,0,4,0,0,36,0,0,0,36,36,0,0,0,0,0,0,0,36,0,0,1,0
0,0,0,0,1,0,128,128,128,0,0,128,0,0,128,0,129,128,0,0,0,0,0,0,0,0,128,0,0,0,128,0,0,128,0,0,0,0,0,128,0,0,0,128,37,36,36
32,0,32,0,32,0,0,0,0,32,4,33,32,0,0,0,0,0,0,33,0,32,32,0,36,32,33,0,1,0,0,36,1,0,0,1,33,0,1,36,36,0,0,33,0,0,0
32,0,33,0,32,1,0,0,1,32,0,32,32,0,0,0,0,1,1,32,0,33,32,0,32,32,33,0,0,1,0,32,0,0,0,0,32,0,0,32,32,0,0,32,1,0,0
0,0,0,100,0,0,0,32,0,0,0,0,0,0,33,0,0,0,0,0,0,0,0,0,0,0,0,0,0,0,0,0,0,0,0,0,0,0,0,0,0,0,0,0,0,65,0
32,0,32,0,33,0,128,128,128,36,0,164,36,0,128,0,129,128,0,36,0,32,32,0,36,36,164,0,0,0,128,32,0,128,0,0,36,0,0,164,36,0,0,160,1,0,0
0,36,0,64,0,32,0,32,32,0,0,0,0,32,1,0,0,0,0,0,0,32,0,0,32,0,32,32,32,0,0,0,36,0,0,0,0,0,0,0,0,0,0,0,0,65,0
0,0,0,32,1,0,0,32,0,0,0,0,0,0,32,0,1,0,0,0,0,0,0,0,0,0,0,0,0,0,0,0,0,0,0,0,0,0,0,0,0,0,0,0,1,0,0
32,0,32,0,33,0,144,128,128,36,0,164,36,16,128,16,145,144,16,36,0,32,32,16,36,36,180,0,0,16,144,32,16,144,16,0,36,0,16,164,36,0,16,176,1,0,0
0,32,1,0,0,33,128,160,161,0,0,128,0,32,128,0,128,129,1,0,0,33,0,0,32,0,161,32,32,1,128,0,32,128,0,0,0,0,0,128,0,0,0,128,1,0,0
8,36,1,0,0,33,128,160,169,0,8,128,0,32,136,0,128,129,1,0,0,33,0,0,32,0,161,32,32,1,128,8,36,128,0,0,0,0,0,136,8,0,0,128,1,0,0
32,1,32,0,34,0,0,0,2,38,0,36,36,2,0,0,0,0,0,36,1,33,34,1,36,37,36,3,0,0,0,32,0,0,1,0,36,0,0,37,36,0,1,32,0,0,0
32,0,32,0,32,0,128,128,128,36,1,164,36,0,128,0,128,128,1,36,0,32,33,0,36,36,165,0,0,0,128,32,0,128,0,0,36,0,0,164,36,0,0,160,0,0,0
32,0,32,0,32,0,128,128,128,36,0,164,36,0,128,1,128,128,0,36,0,32,33,0,36,36,165,0,0,0,129,33,0,128,0,0,36,0,0,164,37,0,0,160,0,0,0
32,0,32,0,35,0,0,0,2,34,0,32,32,2,0,0,1,0,0,32,0,32,34,0,32,32,32,2,0,0,0,32,0,0,0,0,32,0,0,32,32,0,0,32,1,0,0
0,0,0,32,0,0,16,32,0,0,1,0,0,16,32,16,16,16,17,0,0,0,1,16,0,0,17,0,0,16,16,0,16,16,16,0,0,0,16,0,0,0,16,16,0,0,0
0,36,0,0,1,32,144,164,160,0,0,128,0,48,128,16,145,144,16,0,0,36,0,16,32,0,176,32,36,16,144,0,52,144,16,0,0,0,16,128,0,0,16,144,1,0,0
32,0,32,0,32,0,0,0,0,36,0,37,36,0,0,0,0,0,0,37,0,32,32,0,36,36,37,0,1,0,0,32,1,0,0,1,37,0,1,36,36,0,0,33,0,0,0
0,0,0,0,0,32,0,0,0,0,32,36,0,0,0,1,0,0,0,32,0,32,1,0,0,0,37,0,0,0,1,33,0,0,0,36,0,32,0,0,1,32,0,0,0,0,0
0,0,0,0,3,0,33,1,3,3,0,0,0,3,0,32,36,0,32,0,32,0,3,32,0,0,0,3,0,0,32,0,0,32,32,0,32,0,32,0,0,0,0,0,32,32,32
0,0,0,0,1,32,0,0,0,0,36,32,0,0,0,0,1,0,0,32,2,38,0,0,0,0,32,0,0,0,0,36,0,0,0,32,0,32,0,2,2,32,0,0,1,0,2
0,0,0,0,0,0,176,128,128,0,0,128,0,16,128,53,180,144,48,0,34,2,1,48,0,0,145,0,0,16,177,1,16,176,52,0,32,0,52,130,3,0,16,144,32,32,34
32,1,32,0,32,0,0,0,0,32,4,32,32,0,0,0,0,0,0,32,1,33,32,1,36,33,32,1,0,0,0,36,0,0,1,0,32,0,0,37,36,0,1,32,0,0,0
32,0,32,0,35,0,1,1,3,35,0,32,32,3,0,0,0,0,0,32,0,32,35,0,32,32,32,3,0,0,0,32,0,0,0,0,32,0,0,32,32,0,0,32,0,0,0
4,0,0,0,1,32,128,128,128,0,32,164,0,0,128,0,129,128,0,32,0,32,0,0,0,0,164,0,0,0,128,32,0,128,0,36,0,32,0,128,0,32,0,128,1,0,0
0,0,0,32,0,0,16,32,0,0,0,0,0,16,32,16,16,16,16,0,2,2,0,16,0,0,16,0,0,16,16,0,16,16,16,0,0,1,16,2,2,0,16,16,0,0,2
32,0,32,0,33,0,0,0,0,36,0,36,36,0,0,0,1,0,0,36,0,32,32,0,36,36,36,0,0,0,0,32,0,0,0,0,36,0,0,36,36,0,0,32,1,0,0
44,0,32,0,33,16,0,0,8,32,8,32,32,0,24,0,1,0,0,32,0,32,32,0,32,32,32,0,0,0,0,40,0,0,0,0,32,0,0,40,56,0,0,32,1,0,0
4,1,0,32,0,0,0,32,0,0,0,0,0,0,32,0,0,0,0,0,1,1,0,1,0,1,0,1,0,0,0,0,0,0,1,0,0,0,0,5,0,0,1,0,0,0,0
32,0,32,0,32,0,128,128,128,32,0,161,32,0,128,0,128,128,0,33,0,32,32,0,32,32,161,0,1,0,128,32,1,128,0,1,33,0,1,160,32,0,0,161,0,0,0
32,0,32,1,32,0,0,0,0,32,4,32,32,0,0,0,1,0,0,32,0,33,32,0,36,32,32,0,0,0,0,36,0,0,0,0,32,0,0,36,36,1,0,32,1,0,1
0,36,0,0,0,32,144,160,160,0,0,128,0,48,128,16,144,144,16,0,0,32,0,16,32,0,176,32,32,16,144,0,52,144,16,0,0,0,16,128,0,0,16,144,0,0,0
8,32,0,0,0,32,0,32,40,0,8,1,0,32,8,0,0,0,0,1,0,32,0,0,32,0,33,32,33,0,0,8,33,0,0,1,1,0,1,8,8,0,0,1,0,0,0
0,0,0,32,1,0,128,160,128,0,0,128,0,0,160,0,129,128,0,0,0,0,0,0,0,0,128,0,0,0,128,0,0,128,0,0,0,0,0,128,0,0,0,128,1,0,0
32,0,32,0,32,0,128,128,128,36,0,164,37,0,128,0,128,128,0,36,2,34,32,0,36,36,164,0,0,0,128,32,0,128,0,0,36,0,0,166,38,0,0,160,0,0,2
32,1,32,0,32,0,0,0,0,32,4,32,32,0,0,0,0,0,0,32,1,33,32,1,36,33,32,1,0,0,0,36,0,0,1,0,32,0,0,37,36,0,1,32,0,0,0
0,0,0,0,1,32,128,128,128,0,36,160,0,0,128,0,129,128,0,32,2,38,0,0,0,0,160,0,0,0,128,36,0,128,0,32,0,32,0,130,2,32,0,128,1,0,2
32,1,32,0,34,0,144,128,130,34,0,160,32,18,128,16,144,144,16,32,1,33,34,17,32,33,176,3,0,16,144,32,16,144,17,0,32,0,16,161,32,0,17,176,0,0,0
32,0,32,0,33,0,128,128,128,32,0,160,32,0,128,0,129,128,0,32,0,32,32,0,32,32,160,0,0,0,128,32,0,128,0,0,32,0,0,160,32,0,0,160,1,0,0
32,0,32,0,32,0,0,0,0,36,0,36,36,0,0,1,0,0,0,36,0,32,33,0,36,36,37,0,0,0,1,33,0,0,0,0,36,0,0,36,37,0,0,32,0,0,0
0,0,0,32,0,0,144,160,128,0,0,128,0,16,164,16,144,144,16,0,0,0,0,16,0,0,144,0,0,16,144,0,16,144,16,0,0,0,16,128,0,0,16,144,0,0,0
32,0,32,1,32,0,0,0,0,32,0,32,32,0,0,0,1,0,0,32,0,33,32,0,32,32,32,0,0,0,0,32,0,0,0,0,32,0,0,32,32,1,0,32,1,0,1
0,0,0,0,2,36,128,128,130,2,32,160,0,2,128,0,128,128,0,32,0,32,2,0,0,0,161,2,0,0,128,32,0,128,0,32,0,32,0,128,0,32,0,128,0,0,0
0,0,0,0,0,32,0,0,0,0,32,36,0,0,0,0,0,0,0,32,0,32,0,0,0,0,37,0,0,0,0,32,0,0,0,36,0,32,0,0,0,32,0,0,0,0,0
8,0,0,36,0,16,128,160,136,0,8,128,1,0,184,0,128,128,0,0,0,0,0,0,0,0,128,0,0,0,128,8,0,128,0,0,0,0,0,136,24,0,0,128,0,0,0
0,0,0,0,3,0,32,0,2,2,0,0,0,2,0,32,33,0,32,0,36,0,2,32,0,0,0,2,0,0,32,0,0,32,32,0,32,0,32,0,0,0,0,0,33,32,32
32,0,32,0,32,0,144,128,128,36,0,164,36,16,128,17,144,144,16,36,0,32,33,16,36,36,181,0,0,16,145,33,16,144,16,0,36,0,16,164,37,0,16,176,0,0,0
32,0,32,0,32,0,128,128,128,36,0,164,37,0,128,0,128,128,0,36,2,34,32,0,36,36,164,0,0,0,128,32,0,128,0,0,36,0,0,166,38,0,0,160,0,0,2
32,1,32,0,32,0,0,0,0,36,0,36,36,0,0,0,0,0,0,36,1,33,32,1,36,37,36,1,0,0,0,32,0,0,1,0,36,0,0,37,36,0,1,32,0,0,0
32,0,33,0,34,1,16,0,3,38,0,36,36,18,0,16,16,17,17,36,0,33,34,16,36,36,53,2,0,17,16,32,16,16,16,0,36,0,16,36,36,0,16,48,1,0,0
0,0,0,32,0,0,144,160,128,0,0,129,0,16,160,16,144,144,16,1,0,0,0,16,0,0,145,0,1,16,144,0,17,144,16,1,1,0,17,128,0,0,16,145,0,0,0
0,0,0,36,0,0,0,32,0,0,0,0,0,0,32,0,0,0,0,0,0,0,0,0,1,0,0,0,0,0,0,0,0,0,0,0,0,0,0,0,0,0,0,0,0,0,0
0,36,1,0,0,33,144,160,161,0,0,128,0,48,128,16,144,145,17,0,0,33,0,16,32,0,177,32,32,17,144,0,52,144,16,0,0,0,16,128,0,0,16,144,1,0,0
40,0,32,0,32,0,0,0,8,32,8,32,32,0,8,0,0,0,0,32,0,32,32,0,32,32,32,0,0,0,0,40,0,1,0,0,32,0,0,40,40,0,0,32,0,0,0
8,36,0,0,0,48,128,164,168,0,8,129,0,32,152,0,128,128,0,1,2,38,0,0,32,0,161,32,37,0,128,8,37,128,0,1,1,0,1,138,26,0,0,129,0,0,2
32,0,33,0,32,1,128,128,129,32,0,160,32,0,128,0,128,129,1,32,0,33,32,0,32,32,161,0,0,1,128,32,0,128,0,0,32,0,0,160,32,0,0,160,1,0,0
0,0,0,0,0,0,36,0,0,0,0,0,1,0,0,0,0,36,0,0,0,0,0,36,0,0,4,0,0,36,0,0,0,36,36,0,0,0,0,0,0,0,36,0,0,0,0
32,0,32,0,32,0,128,128,128,36,0,164,36,0,128,1,128,128,0,36,0,32,33,0,36,36,165,0,0,0,129,33,0,128,0,0,36,0,0,164,37,0,0,160,0,0,0
0,0,0,0,0,0,160,128,128,0,0,128,1,0,128,36,164,128,32,0,32,0,0,32,0,0,128,0,0,0,160,0,0,160,36,0,32,0,36,128,0,0,0,128,32,32,32
32,0,32,0,32,0,128,128,128,36,0,164,36,0,128,1,128,128,0,36,0,32,33,0,36,36,165,0,0,0,129,33,0,128,0,0,36,0,0,164,37,0,0,160,0,0,0
0,0,0,0,0,0,160,128,128,0,0,128,0,0,128,32,164,128,36,0,32,0,0,32,1,0,128,0,0,0,160,0,0,160,32,0,36,0,36,128,0,0,0,128,32,32,32
8,32,1,0,0,37,0,32,45,0,8,0,0,36,8,0,0,1,1,0,0,33,0,0,32,0,37,36,32,1,0,8,32,4,0,0,0,0,0,8,8,0,0,0,1,0,0
0,0,0,0,0,0,128,128,128,0,0,128,1,0,128,0,128,128,0,0,0,0,0,0,0,0,128,0,0,0,128,0,0,128,0,0,0,0,0,128,0,0,0,128,0,0,0
32,0,32,0,33,0,128,128,128,36,0,164,36,0,128,0,129,128,0,36,0,32,32,0,36,36,164,0,0,0,128,32,0,128,0,0,36,0,0,164,36,0,0,160,1,0,0
32,0,32,0,33,0,128,128,128,32,0,160,32,0,128,0,129,128,0,32,0,32,32,0,32,32,160,0,0,0,128,32,0,128,0,0,32,0,0,160,32,0,0,160,1,0,0
36,0,32,0,33,0,128,128,128,32,0,160,32,0,128,0,129,128,0,32,0,32,32,0,32,32,160,0,0,0,128,32,0,128,0,0,32,0,0,160,32,0,0,160,1,0,0
0,32,0,0,0,32,128,160,160,0,0,128,0,32,128,0,128,128,0,0,0,32,0,0,32,0,160,32,32,0,128,0,32,128,0,0,0,0,0,128,0,0,0,128,0,0,0
32,1,32,0,32,0,0,0,0,36,0,36,36,0,0,0,0,0,0,36,1,33,32,1,36,37,36,1,0,0,0,32,0,0,1,0,36,0,0,37,36,0,1,32,0,0,0
32,0,32,1,32,0,0,0,0,32,0,32,32,0,0,0,1,0,0,32,0,33,32,0,32,32,32,0,0,0,0,32,0,0,0,0,32,0,0,32,32,1,0,32,1,0,1
0,1,0,0,0,36,0,0,0,0,32,32,0,0,0,0,0,0,0,32,1,33,0,1,0,1,32,1,0,0,0,32,0,0,1,32,0,32,0,1,0,32,1,0,0,0,0
0,32,0,0,0,36,0,32,36,0,0,0,0,36,0,0,0,0,0,0,2,34,0,0,32,0,36,36,32,0,0,0,32,4,0,0,0,0,0,2,2,0,0,0,0,0,2
32,0,33,0,32,1,144,128,129,36,0,164,36,16,128,16,144,145,17,36,0,33,32,16,36,36,181,0,0,17,144,32,16,144,16,0,36,0,16,164,36,0,16,176,1,0,0
0,0,0,0,1,0,160,128,128,0,0,128,0,0,128,32,161,128,32,0,36,0,0,32,0,0,128,0,0,0,160,0,0,160,32,0,32,0,32,128,0,0,0,128,33,32,32
0,36,1,0,0,33,144,160,161,0,0,128,0,48,128,16,144,145,17,0,0,33,0,16,32,0,177,32,32,17,144,0,52,144,16,0,0,0,16,128,0,0,16,144,1,0,0
0,32,0,0,1,36,128,160,164,0,0,128,0,36,128,0,129,128,0,0,0,32,0,0,32,0,164,36,32,0,128,0,32,132,0,0,0,0,0,128,0,0,0,128,1,0,0
0,0,0,0,0,0,160,128,128,0,0,128,0,0,128,32,164,128,36,0,32,0,0,32,0,0,128,0,0,0,160,0,0,160,32,0,36,0,36,128,0,0,0,128,32,33,32
0,1,0,0,0,0,32,0,0,0,0,0,0,0,0,32,36,0,36,0,33,1,0,33,0,1,0,1,0,0,32,0,0,32,33,0,36,0,36,1,0,0,1,0,32,32,32
0,0,0,0,1,32,0,0,0,0,36,32,0,0,0,0,1,0,0,32,0,36,0,0,0,0,32,0,0,0,0,36,0,0,0,32,0,32,0,0,0,32,0,0,1,0,0
0,0,0,0,1,0,32,0,0,0,0,0,0,0,0,32,33,0,32,0,34,2,0,32,0,0,0,0,0,0,32,0,0,32,32,0,32,0,32,2,2,0,0,0,33,32,34
40,0,32,0,32,0,0,0,8,36,9,36,36,0,8,0,0,0,1,36,0,32,33,0,36,36,37,0,0,0,0,40,0,0,0,0,36,0,0,44,44,0,0,32,0,0,0
0,0,0,0,0,0,160,128,128,0,0,128,0,0,128,32,164,128,36,0,32,0,0,32,0,0,128,0,0,0,160,0,0,161,32,0,36,0,36,128,0,0,0,128,32,32,32
0,36,0,0,1,32,16,36,32,0,0,0,0,48,0,16,17,16,16,0,0,36,0,16,32,0,48,32,36,16,16,0,52,16,16,0,0,0,16,0,0,0,16,16,1,0,0
8,0,0,33,0,16,0,32,8,0,8,0,0,0,56,0,1,0,0,0,0,1,0,0,0,0,0,0,0,0,0,8,0,0,0,0,0,0,0,8,24,1,0,0,1,0,1
0,0,1,0,0,1,32,0,1,0,0,0,0,0,0,32,32,1,33,0,36,1,0,32,0,0,1,0,0,1,32,0,0,32,32,0,32,0,32,0,0,0,0,0,33,32,32
0,32,1,0,0,37,16,32,37,0,0,0,0,52,0,16,16,17,17,0,0,33,0,16,32,0,53,36,32,17,16,0,48,20,16,0,0,0,16,0,0,0,16,16,1,0,0
0,0,0,1,0,0,32,0,0,0,0,0,0,0,0,32,33,0,32,0,36,1,0,32,0,0,0,0,0,0,32,0,0,32,32,0,32,0,32,0,0,1,0,0,33,32,33
0,0,0,0,0,0,160,128,128,0,0,128,0,0,128,33,164,128,36,0,32,0,1,32,0,0,129,0,0,0,161,1,0,160,32,0,36,0,36,128,1,0,0,128,32,32,32
32,0,32,0,32,0,0,0,0,32,0,32,32,0,0,1,0,0,0,32,0,32,33,0,32,32,33,0,0,0,1,33,0,0,0,0,32,0,0,32,33,0,0,32,0,0,0
0,0,0,0,1,0,32,0,0,0,0,0,0,0,0,32,37,0,32,0,32,0,0,32,0,0,0,0,0,0,32,0,0,32,32,0,32,0,32,0,0,0,0,0,33,32,32
40,0,32,0,32,16,128,128,136,36,8,164,36,0,152,1,128,128,0,36,0,32,33,0,36,36,165,0,0,0,129,41,0,128,0,0,36,0,0,172,61,0,0,160,0,0,0
32,0,33,0,32,1,128,128,129,36,0,164,36,0,128,0,128,129,1,36,0,33,32,0,36,36,165,0,0,1,128,32,0,128,0,0,36,0,0,164,36,0,0,160,1,0,0
32,0,32,0,32,0,0,0,0,36,0,37,36,0,0,0,0,0,0,37,0,32,32,0,36,36,37,0,1,0,0,32,1,0,0,1,37,0,1,36,36,0,0,33,0,0,0
32,1,32,0,32,0,128,128,128,36,0,164,36,0,128,0,128,128,0,36,1,33,32,1,36,37,164,1,0,0,128,32,0,128,1,0,36,0,0,165,36,0,1,160,0,0,0
0,0,0,0,0,0,160,128,128,0,0,128,0,0,128,37,164,128,32,0,32,0,1,32,0,0,129,0,0,0,161,1,0,160,36,0,32,0,36,128,1,0,0,128,32,32,32
32,0,32,0,32,0,128,128,128,36,0,165,36,0,128,0,128,128,0,37,0,32,32,0,36,36,165,0,1,0,128,32,1,128,0,1,37,0,1,164,36,0,0,161,0,0,0
0,0,0,0,0,0,32,0,0,0,0,0,0,0,0,32,36,0,36,0,32,0,0,32,0,0,0,0,0,0,32,0,0,32,32,0,36,1,36,0,0,0,0,0,32,32,32
0,32,0,0,1,36,145,161,165,1,0,128,0,53,128,16,144,144,16,0,0,32,1,16,32,0,180,37,32,16,144,0,48,148,16,0,0,0,16,128,0,0,16,144,0,0,0
0,0,1,32,0,1,144,160,129,0,0,128,0,16,160,16,144,145,17,0,0,1,0,16,0,0,145,0,0,17,144,0,16,144,16,0,0,0,16,128,0,0,16,144,1,0,0
0,36,0,0,0,32,16,32,32,0,0,0,0,48,0,16,16,16,16,0,0,32,0,16,32,0,48,32,32,16,16,0,52,17,16,0,0,0,16,0,0,0,16,16,0,0,0
0,36,0,0,2,32,144,160,162,2,0,128,0,50,128,16,144,144,16,0,0,32,2,16,32,0,176,34,32,16,144,0,52,144,16,0,0,0,16,128,0,0,16,144,0,0,0
0,36,0,1,2,32,144,160,162,2,0,128,0,50,128,16,145,144,16,0,0,33,2,16,32,0,176,34,32,16,144,0,52,144,16,0,0,0,16,128,0,1,16,144,1,0,1
32,0,32,0,32,0,144,128,128,36,0,164,36,16,129,16,144,144,16,36,0,32,32,16,36,36,180,0,0,16,144,32,16,144,16,0,36,0,16,164,36,0,16,176,0,1,0
0,36,0,0,0,32,16,36,32,0,0,0,0,48,0,16,16,16,16,0,0,36,0,16,32,0,48,32,36,16,16,0,52,16,16,0,0,0,16,0,0,0,16,16,0,0,0
0,0,0,0,1,0,32,0,0,0,0,0,0,0,0,0,1,32,0,0,4,0,0,32,0,0,0,0,0,32,0,0,0,32,32,0,0,0,0,0,0,0,32,0,1,0,0
4,0,0,32,1,0,0,32,0,0,0,0,0,0,32,0,1,0,0,0,0,0,0,0,0,0,0,0,0,0,0,0,0,0,0,0,0,0,0,4,0,0,0,0,1,0,0
32,0,32,0,32,0,128,128,128,32,0,160,32,0,128,0,128,128,0,32,0,32,32,0,32,32,161,0,0,0,128,32,0,128,0,0,32,0,0,160,32,0,0,160,0,0,0
0,0,0,0,1,0,160,128,128,0,0,128,0,0,128,32,165,128,36,0,32,0,0,32,0,0,128,0,0,0,160,0,0,160,32,0,36,0,36,128,0,0,0,128,33,32,32
0,0,0,0,0,0,128,128,128,0,0,128,0,0,128,5,132,128,0,0,0,0,1,0,0,0,129,0,0,0,129,1,0,128,4,0,0,0,4,128,1,0,0,128,0,0,0
0,32,0,0,0,36,16,32,36,0,0,0,0,52,0,17,16,16,16,0,0,32,1,16,32,0,53,36,32,16,17,1,48,20,16,0,0,0,16,0,1,0,16,16,0,0,0
